Statistic,Month,Commodity Group,VALUE
EU HICP,1996M01,All-items HICP (COICOP 00),68.1
EU HICP,1996M01,Food and non-alcoholic beverages (COICOP 01),79
EU HICP,1996M01,Food (COICOP 01.1),79.3
EU HICP,1996M01,Bread and cereals (COICOP 01.1.1),75.5
EU HICP,1996M01,Meat (COICOP 01.1.2),87.8
EU HICP,1996M02,All-items HICP (COICOP 00),68.6
EU HICP,1996M02,Food and non-alcoholic beverages (COICOP 01),79.3
EU HICP,1996M02,Food (COICOP 01.1),79.5
EU HICP,1996M02,Bread and cereals (COICOP 01.1.1),75.8
EU HICP,1996M02,Meat (COICOP 01.1.2),88.2
EU HICP,1996M03,All-items HICP (COICOP 00),68.9
EU HICP,1996M03,Food and non-alcoholic beverages (COICOP 01),79.7
EU HICP,1996M03,Food (COICOP 01.1),79.9
EU HICP,1996M03,Bread and cereals (COICOP 01.1.1),76.5
EU HICP,1996M03,Meat (COICOP 01.1.2),89
EU HICP,1996M04,All-items HICP (COICOP 00),68.8
EU HICP,1996M04,Food and non-alcoholic beverages (COICOP 01),80.1
EU HICP,1996M04,Food (COICOP 01.1),80.4
EU HICP,1996M04,Bread and cereals (COICOP 01.1.1),77.2
EU HICP,1996M04,Meat (COICOP 01.1.2),90
EU HICP,1996M05,All-items HICP (COICOP 00),68.9
EU HICP,1996M05,Food and non-alcoholic beverages (COICOP 01),80.5
EU HICP,1996M05,Food (COICOP 01.1),80.8
EU HICP,1996M05,Bread and cereals (COICOP 01.1.1),77.9
EU HICP,1996M05,Meat (COICOP 01.1.2),90.9
EU HICP,1996M06,All-items HICP (COICOP 00),69.1
EU HICP,1996M06,Food and non-alcoholic beverages (COICOP 01),80.6
EU HICP,1996M06,Food (COICOP 01.1),81
EU HICP,1996M06,Bread and cereals (COICOP 01.1.1),78.1
EU HICP,1996M06,Meat (COICOP 01.1.2),91
EU HICP,1996M07,All-items HICP (COICOP 00),68.9
EU HICP,1996M07,Food and non-alcoholic beverages (COICOP 01),80.6
EU HICP,1996M07,Food (COICOP 01.1),81
EU HICP,1996M07,Bread and cereals (COICOP 01.1.1),78.1
EU HICP,1996M07,Meat (COICOP 01.1.2),90.6
EU HICP,1996M08,All-items HICP (COICOP 00),69.3
EU HICP,1996M08,Food and non-alcoholic beverages (COICOP 01),80.5
EU HICP,1996M08,Food (COICOP 01.1),80.8
EU HICP,1996M08,Bread and cereals (COICOP 01.1.1),77.9
EU HICP,1996M08,Meat (COICOP 01.1.2),90
EU HICP,1996M09,All-items HICP (COICOP 00),69.7
EU HICP,1996M09,Food and non-alcoholic beverages (COICOP 01),80.2
EU HICP,1996M09,Food (COICOP 01.1),80.5
EU HICP,1996M09,Bread and cereals (COICOP 01.1.1),77.7
EU HICP,1996M09,Meat (COICOP 01.1.2),89.4
EU HICP,1996M10,All-items HICP (COICOP 00),69.6
EU HICP,1996M10,Food and non-alcoholic beverages (COICOP 01),80
EU HICP,1996M10,Food (COICOP 01.1),80.2
EU HICP,1996M10,Bread and cereals (COICOP 01.1.1),77.5
EU HICP,1996M10,Meat (COICOP 01.1.2),89.2
EU HICP,1996M11,All-items HICP (COICOP 00),69.7
EU HICP,1996M11,Food and non-alcoholic beverages (COICOP 01),79.7
EU HICP,1996M11,Food (COICOP 01.1),79.9
EU HICP,1996M11,Bread and cereals (COICOP 01.1.1),77.7
EU HICP,1996M11,Meat (COICOP 01.1.2),89.6
EU HICP,1996M12,All-items HICP (COICOP 00),70
EU HICP,1996M12,Food and non-alcoholic beverages (COICOP 01),79.7
EU HICP,1996M12,Food (COICOP 01.1),79.9
EU HICP,1996M12,Bread and cereals (COICOP 01.1.1),77.7
EU HICP,1996M12,Meat (COICOP 01.1.2),89.6
EU HICP,1997M01,All-items HICP (COICOP 00),69.3
EU HICP,1997M01,Food and non-alcoholic beverages (COICOP 01),80.3
EU HICP,1997M01,Food (COICOP 01.1),80.5
EU HICP,1997M01,Bread and cereals (COICOP 01.1.1),77.7
EU HICP,1997M01,Meat (COICOP 01.1.2),90.8
EU HICP,1997M02,All-items HICP (COICOP 00),69.8
EU HICP,1997M02,Food and non-alcoholic beverages (COICOP 01),80.1
EU HICP,1997M02,Food (COICOP 01.1),80.3
EU HICP,1997M02,Bread and cereals (COICOP 01.1.1),78.1
EU HICP,1997M02,Meat (COICOP 01.1.2),90.9
EU HICP,1997M03,All-items HICP (COICOP 00),69.8
EU HICP,1997M03,Food and non-alcoholic beverages (COICOP 01),80.2
EU HICP,1997M03,Food (COICOP 01.1),80.5
EU HICP,1997M03,Bread and cereals (COICOP 01.1.1),78.2
EU HICP,1997M03,Meat (COICOP 01.1.2),90.9
EU HICP,1997M04,All-items HICP (COICOP 00),69.9
EU HICP,1997M04,Food and non-alcoholic beverages (COICOP 01),80.6
EU HICP,1997M04,Food (COICOP 01.1),80.9
EU HICP,1997M04,Bread and cereals (COICOP 01.1.1),78.5
EU HICP,1997M04,Meat (COICOP 01.1.2),91.4
EU HICP,1997M05,All-items HICP (COICOP 00),69.9
EU HICP,1997M05,Food and non-alcoholic beverages (COICOP 01),80.9
EU HICP,1997M05,Food (COICOP 01.1),81.1
EU HICP,1997M05,Bread and cereals (COICOP 01.1.1),78.9
EU HICP,1997M05,Meat (COICOP 01.1.2),91.7
EU HICP,1997M06,All-items HICP (COICOP 00),70.1
EU HICP,1997M06,Food and non-alcoholic beverages (COICOP 01),81.5
EU HICP,1997M06,Food (COICOP 01.1),81.8
EU HICP,1997M06,Bread and cereals (COICOP 01.1.1),79.2
EU HICP,1997M06,Meat (COICOP 01.1.2),91.4
EU HICP,1997M07,All-items HICP (COICOP 00),70
EU HICP,1997M07,Food and non-alcoholic beverages (COICOP 01),82.3
EU HICP,1997M07,Food (COICOP 01.1),82.5
EU HICP,1997M07,Bread and cereals (COICOP 01.1.1),79.5
EU HICP,1997M07,Meat (COICOP 01.1.2),91.4
EU HICP,1997M08,All-items HICP (COICOP 00),69.8
EU HICP,1997M08,Food and non-alcoholic beverages (COICOP 01),81.7
EU HICP,1997M08,Food (COICOP 01.1),81.8
EU HICP,1997M08,Bread and cereals (COICOP 01.1.1),79.5
EU HICP,1997M08,Meat (COICOP 01.1.2),91.3
EU HICP,1997M09,All-items HICP (COICOP 00),70.1
EU HICP,1997M09,Food and non-alcoholic beverages (COICOP 01),81.7
EU HICP,1997M09,Food (COICOP 01.1),81.7
EU HICP,1997M09,Bread and cereals (COICOP 01.1.1),79.8
EU HICP,1997M09,Meat (COICOP 01.1.2),91
EU HICP,1997M10,All-items HICP (COICOP 00),70.2
EU HICP,1997M10,Food and non-alcoholic beverages (COICOP 01),81.3
EU HICP,1997M10,Food (COICOP 01.1),81.4
EU HICP,1997M10,Bread and cereals (COICOP 01.1.1),79.9
EU HICP,1997M10,Meat (COICOP 01.1.2),90.6
EU HICP,1997M11,All-items HICP (COICOP 00),70.4
EU HICP,1997M11,Food and non-alcoholic beverages (COICOP 01),81.7
EU HICP,1997M11,Food (COICOP 01.1),81.7
EU HICP,1997M11,Bread and cereals (COICOP 01.1.1),80.1
EU HICP,1997M11,Meat (COICOP 01.1.2),90.9
EU HICP,1997M12,All-items HICP (COICOP 00),70.7
EU HICP,1997M12,Food and non-alcoholic beverages (COICOP 01),82.1
EU HICP,1997M12,Food (COICOP 01.1),82.2
EU HICP,1997M12,Bread and cereals (COICOP 01.1.1),80.4
EU HICP,1997M12,Meat (COICOP 01.1.2),90.9
EU HICP,1998M01,All-items HICP (COICOP 00),70.2
EU HICP,1998M01,Food and non-alcoholic beverages (COICOP 01),82.1
EU HICP,1998M01,Food (COICOP 01.1),82.1
EU HICP,1998M01,Bread and cereals (COICOP 01.1.1),80.4
EU HICP,1998M01,Meat (COICOP 01.1.2),89.9
EU HICP,1998M02,All-items HICP (COICOP 00),70.5
EU HICP,1998M02,Food and non-alcoholic beverages (COICOP 01),82.2
EU HICP,1998M02,Food (COICOP 01.1),82.3
EU HICP,1998M02,Bread and cereals (COICOP 01.1.1),81
EU HICP,1998M02,Meat (COICOP 01.1.2),89
EU HICP,1998M03,All-items HICP (COICOP 00),70.9
EU HICP,1998M03,Food and non-alcoholic beverages (COICOP 01),82.7
EU HICP,1998M03,Food (COICOP 01.1),82.8
EU HICP,1998M03,Bread and cereals (COICOP 01.1.1),80.9
EU HICP,1998M03,Meat (COICOP 01.1.2),90
EU HICP,1998M04,All-items HICP (COICOP 00),71.3
EU HICP,1998M04,Food and non-alcoholic beverages (COICOP 01),83.9
EU HICP,1998M04,Food (COICOP 01.1),84
EU HICP,1998M04,Bread and cereals (COICOP 01.1.1),82
EU HICP,1998M04,Meat (COICOP 01.1.2),90.9
EU HICP,1998M05,All-items HICP (COICOP 00),71.5
EU HICP,1998M05,Food and non-alcoholic beverages (COICOP 01),84.9
EU HICP,1998M05,Food (COICOP 01.1),85.1
EU HICP,1998M05,Bread and cereals (COICOP 01.1.1),82.3
EU HICP,1998M05,Meat (COICOP 01.1.2),90.7
EU HICP,1998M06,All-items HICP (COICOP 00),71.9
EU HICP,1998M06,Food and non-alcoholic beverages (COICOP 01),85.7
EU HICP,1998M06,Food (COICOP 01.1),86
EU HICP,1998M06,Bread and cereals (COICOP 01.1.1),82.2
EU HICP,1998M06,Meat (COICOP 01.1.2),90.7
EU HICP,1998M07,All-items HICP (COICOP 00),71.7
EU HICP,1998M07,Food and non-alcoholic beverages (COICOP 01),86.3
EU HICP,1998M07,Food (COICOP 01.1),86.5
EU HICP,1998M07,Bread and cereals (COICOP 01.1.1),82.5
EU HICP,1998M07,Meat (COICOP 01.1.2),90.6
EU HICP,1998M08,All-items HICP (COICOP 00),71.8
EU HICP,1998M08,Food and non-alcoholic beverages (COICOP 01),85.7
EU HICP,1998M08,Food (COICOP 01.1),85.9
EU HICP,1998M08,Bread and cereals (COICOP 01.1.1),82.8
EU HICP,1998M08,Meat (COICOP 01.1.2),90.9
EU HICP,1998M09,All-items HICP (COICOP 00),72
EU HICP,1998M09,Food and non-alcoholic beverages (COICOP 01),85.2
EU HICP,1998M09,Food (COICOP 01.1),85.4
EU HICP,1998M09,Bread and cereals (COICOP 01.1.1),82.8
EU HICP,1998M09,Meat (COICOP 01.1.2),90.9
EU HICP,1998M10,All-items HICP (COICOP 00),72
EU HICP,1998M10,Food and non-alcoholic beverages (COICOP 01),85
EU HICP,1998M10,Food (COICOP 01.1),85.1
EU HICP,1998M10,Bread and cereals (COICOP 01.1.1),82.8
EU HICP,1998M10,Meat (COICOP 01.1.2),90
EU HICP,1998M11,All-items HICP (COICOP 00),72
EU HICP,1998M11,Food and non-alcoholic beverages (COICOP 01),84.7
EU HICP,1998M11,Food (COICOP 01.1),84.7
EU HICP,1998M11,Bread and cereals (COICOP 01.1.1),82.6
EU HICP,1998M11,Meat (COICOP 01.1.2),88.6
EU HICP,1998M12,All-items HICP (COICOP 00),72.2
EU HICP,1998M12,Food and non-alcoholic beverages (COICOP 01),85.6
EU HICP,1998M12,Food (COICOP 01.1),85.6
EU HICP,1998M12,Bread and cereals (COICOP 01.1.1),83
EU HICP,1998M12,Meat (COICOP 01.1.2),89.4
EU HICP,1999M01,All-items HICP (COICOP 00),71.6
EU HICP,1999M01,Food and non-alcoholic beverages (COICOP 01),85.8
EU HICP,1999M01,Food (COICOP 01.1),86
EU HICP,1999M01,Bread and cereals (COICOP 01.1.1),83
EU HICP,1999M01,Meat (COICOP 01.1.2),88.9
EU HICP,1999M02,All-items HICP (COICOP 00),72.1
EU HICP,1999M02,Food and non-alcoholic beverages (COICOP 01),86.3
EU HICP,1999M02,Food (COICOP 01.1),86.4
EU HICP,1999M02,Bread and cereals (COICOP 01.1.1),83.2
EU HICP,1999M02,Meat (COICOP 01.1.2),89.1
EU HICP,1999M03,All-items HICP (COICOP 00),72.3
EU HICP,1999M03,Food and non-alcoholic beverages (COICOP 01),86.4
EU HICP,1999M03,Food (COICOP 01.1),86.6
EU HICP,1999M03,Bread and cereals (COICOP 01.1.1),83.2
EU HICP,1999M03,Meat (COICOP 01.1.2),89.9
EU HICP,1999M04,All-items HICP (COICOP 00),72.7
EU HICP,1999M04,Food and non-alcoholic beverages (COICOP 01),86.8
EU HICP,1999M04,Food (COICOP 01.1),87.1
EU HICP,1999M04,Bread and cereals (COICOP 01.1.1),83.8
EU HICP,1999M04,Meat (COICOP 01.1.2),90.6
EU HICP,1999M05,All-items HICP (COICOP 00),73.2
EU HICP,1999M05,Food and non-alcoholic beverages (COICOP 01),87.3
EU HICP,1999M05,Food (COICOP 01.1),87.6
EU HICP,1999M05,Bread and cereals (COICOP 01.1.1),84.4
EU HICP,1999M05,Meat (COICOP 01.1.2),91
EU HICP,1999M06,All-items HICP (COICOP 00),73.4
EU HICP,1999M06,Food and non-alcoholic beverages (COICOP 01),87.9
EU HICP,1999M06,Food (COICOP 01.1),88.2
EU HICP,1999M06,Bread and cereals (COICOP 01.1.1),85.1
EU HICP,1999M06,Meat (COICOP 01.1.2),90.8
EU HICP,1999M07,All-items HICP (COICOP 00),73.1
EU HICP,1999M07,Food and non-alcoholic beverages (COICOP 01),87.4
EU HICP,1999M07,Food (COICOP 01.1),87.6
EU HICP,1999M07,Bread and cereals (COICOP 01.1.1),84.8
EU HICP,1999M07,Meat (COICOP 01.1.2),90.7
EU HICP,1999M08,All-items HICP (COICOP 00),73.6
EU HICP,1999M08,Food and non-alcoholic beverages (COICOP 01),87.6
EU HICP,1999M08,Food (COICOP 01.1),88
EU HICP,1999M08,Bread and cereals (COICOP 01.1.1),85.4
EU HICP,1999M08,Meat (COICOP 01.1.2),90.9
EU HICP,1999M09,All-items HICP (COICOP 00),73.9
EU HICP,1999M09,Food and non-alcoholic beverages (COICOP 01),87.2
EU HICP,1999M09,Food (COICOP 01.1),87.4
EU HICP,1999M09,Bread and cereals (COICOP 01.1.1),85.6
EU HICP,1999M09,Meat (COICOP 01.1.2),90.7
EU HICP,1999M10,All-items HICP (COICOP 00),74
EU HICP,1999M10,Food and non-alcoholic beverages (COICOP 01),87
EU HICP,1999M10,Food (COICOP 01.1),87.1
EU HICP,1999M10,Bread and cereals (COICOP 01.1.1),85.5
EU HICP,1999M10,Meat (COICOP 01.1.2),90.3
EU HICP,1999M11,All-items HICP (COICOP 00),74.1
EU HICP,1999M11,Food and non-alcoholic beverages (COICOP 01),87.3
EU HICP,1999M11,Food (COICOP 01.1),87.5
EU HICP,1999M11,Bread and cereals (COICOP 01.1.1),85.9
EU HICP,1999M11,Meat (COICOP 01.1.2),91.2
EU HICP,1999M12,All-items HICP (COICOP 00),75
EU HICP,1999M12,Food and non-alcoholic beverages (COICOP 01),87.6
EU HICP,1999M12,Food (COICOP 01.1),87.6
EU HICP,1999M12,Bread and cereals (COICOP 01.1.1),86
EU HICP,1999M12,Meat (COICOP 01.1.2),91.4
EU HICP,2000M01,All-items HICP (COICOP 00),74.8
EU HICP,2000M01,Food and non-alcoholic beverages (COICOP 01),87.6
EU HICP,2000M01,Food (COICOP 01.1),87.8
EU HICP,2000M01,Bread and cereals (COICOP 01.1.1),86
EU HICP,2000M01,Meat (COICOP 01.1.2),91.4
EU HICP,2000M02,All-items HICP (COICOP 00),75.4
EU HICP,2000M02,Food and non-alcoholic beverages (COICOP 01),87.9
EU HICP,2000M02,Food (COICOP 01.1),88
EU HICP,2000M02,Bread and cereals (COICOP 01.1.1),86.1
EU HICP,2000M02,Meat (COICOP 01.1.2),92.3
EU HICP,2000M03,All-items HICP (COICOP 00),75.9
EU HICP,2000M03,Food and non-alcoholic beverages (COICOP 01),88
EU HICP,2000M03,Food (COICOP 01.1),88.1
EU HICP,2000M03,Bread and cereals (COICOP 01.1.1),87.1
EU HICP,2000M03,Meat (COICOP 01.1.2),92.6
EU HICP,2000M04,All-items HICP (COICOP 00),76.4
EU HICP,2000M04,Food and non-alcoholic beverages (COICOP 01),88.1
EU HICP,2000M04,Food (COICOP 01.1),88.2
EU HICP,2000M04,Bread and cereals (COICOP 01.1.1),87
EU HICP,2000M04,Meat (COICOP 01.1.2),93.3
EU HICP,2000M05,All-items HICP (COICOP 00),76.9
EU HICP,2000M05,Food and non-alcoholic beverages (COICOP 01),89.4
EU HICP,2000M05,Food (COICOP 01.1),89.5
EU HICP,2000M05,Bread and cereals (COICOP 01.1.1),87.5
EU HICP,2000M05,Meat (COICOP 01.1.2),94.9
EU HICP,2000M06,All-items HICP (COICOP 00),77.4
EU HICP,2000M06,Food and non-alcoholic beverages (COICOP 01),89.9
EU HICP,2000M06,Food (COICOP 01.1),90
EU HICP,2000M06,Bread and cereals (COICOP 01.1.1),88.4
EU HICP,2000M06,Meat (COICOP 01.1.2),94.2
EU HICP,2000M07,All-items HICP (COICOP 00),77.4
EU HICP,2000M07,Food and non-alcoholic beverages (COICOP 01),90.5
EU HICP,2000M07,Food (COICOP 01.1),90.6
EU HICP,2000M07,Bread and cereals (COICOP 01.1.1),88.4
EU HICP,2000M07,Meat (COICOP 01.1.2),95.1
EU HICP,2000M08,All-items HICP (COICOP 00),77.8
EU HICP,2000M08,Food and non-alcoholic beverages (COICOP 01),91
EU HICP,2000M08,Food (COICOP 01.1),91.2
EU HICP,2000M08,Bread and cereals (COICOP 01.1.1),88.7
EU HICP,2000M08,Meat (COICOP 01.1.2),95.1
EU HICP,2000M09,All-items HICP (COICOP 00),78
EU HICP,2000M09,Food and non-alcoholic beverages (COICOP 01),91
EU HICP,2000M09,Food (COICOP 01.1),91.1
EU HICP,2000M09,Bread and cereals (COICOP 01.1.1),89.3
EU HICP,2000M09,Meat (COICOP 01.1.2),95.9
EU HICP,2000M10,All-items HICP (COICOP 00),78.4
EU HICP,2000M10,Food and non-alcoholic beverages (COICOP 01),90.9
EU HICP,2000M10,Food (COICOP 01.1),90.9
EU HICP,2000M10,Bread and cereals (COICOP 01.1.1),89.5
EU HICP,2000M10,Meat (COICOP 01.1.2),95.8
EU HICP,2000M11,All-items HICP (COICOP 00),78.5
EU HICP,2000M11,Food and non-alcoholic beverages (COICOP 01),91.2
EU HICP,2000M11,Food (COICOP 01.1),91.2
EU HICP,2000M11,Bread and cereals (COICOP 01.1.1),89.5
EU HICP,2000M11,Meat (COICOP 01.1.2),96.1
EU HICP,2000M12,All-items HICP (COICOP 00),78.5
EU HICP,2000M12,Food and non-alcoholic beverages (COICOP 01),91.7
EU HICP,2000M12,Food (COICOP 01.1),91.8
EU HICP,2000M12,Bread and cereals (COICOP 01.1.1),89.9
EU HICP,2000M12,Meat (COICOP 01.1.2),96.9
EU HICP,2001M01,All-items HICP (COICOP 00),77.7
EU HICP,2001M01,Food and non-alcoholic beverages (COICOP 01),91.9
EU HICP,2001M01,Food (COICOP 01.1),91.9
EU HICP,2001M01,Bread and cereals (COICOP 01.1.1),89.6
EU HICP,2001M01,Meat (COICOP 01.1.2),97.2
EU HICP,2001M02,All-items HICP (COICOP 00),78.4
EU HICP,2001M02,Food and non-alcoholic beverages (COICOP 01),92.6
EU HICP,2001M02,Food (COICOP 01.1),92.7
EU HICP,2001M02,Bread and cereals (COICOP 01.1.1),90.6
EU HICP,2001M02,Meat (COICOP 01.1.2),98.1
EU HICP,2001M03,All-items HICP (COICOP 00),79
EU HICP,2001M03,Food and non-alcoholic beverages (COICOP 01),93.8
EU HICP,2001M03,Food (COICOP 01.1),93.9
EU HICP,2001M03,Bread and cereals (COICOP 01.1.1),90.6
EU HICP,2001M03,Meat (COICOP 01.1.2),101.9
EU HICP,2001M04,All-items HICP (COICOP 00),79.6
EU HICP,2001M04,Food and non-alcoholic beverages (COICOP 01),95.2
EU HICP,2001M04,Food (COICOP 01.1),95.4
EU HICP,2001M04,Bread and cereals (COICOP 01.1.1),91.2
EU HICP,2001M04,Meat (COICOP 01.1.2),104.6
EU HICP,2001M05,All-items HICP (COICOP 00),80.1
EU HICP,2001M05,Food and non-alcoholic beverages (COICOP 01),95.7
EU HICP,2001M05,Food (COICOP 01.1),96
EU HICP,2001M05,Bread and cereals (COICOP 01.1.1),91.8
EU HICP,2001M05,Meat (COICOP 01.1.2),105.1
EU HICP,2001M06,All-items HICP (COICOP 00),80.7
EU HICP,2001M06,Food and non-alcoholic beverages (COICOP 01),96.4
EU HICP,2001M06,Food (COICOP 01.1),96.7
EU HICP,2001M06,Bread and cereals (COICOP 01.1.1),92
EU HICP,2001M06,Meat (COICOP 01.1.2),105.2
EU HICP,2001M07,All-items HICP (COICOP 00),80.5
EU HICP,2001M07,Food and non-alcoholic beverages (COICOP 01),96.6
EU HICP,2001M07,Food (COICOP 01.1),96.9
EU HICP,2001M07,Bread and cereals (COICOP 01.1.1),92.1
EU HICP,2001M07,Meat (COICOP 01.1.2),105.6
EU HICP,2001M08,All-items HICP (COICOP 00),80.7
EU HICP,2001M08,Food and non-alcoholic beverages (COICOP 01),97.1
EU HICP,2001M08,Food (COICOP 01.1),97.3
EU HICP,2001M08,Bread and cereals (COICOP 01.1.1),92.6
EU HICP,2001M08,Meat (COICOP 01.1.2),105
EU HICP,2001M09,All-items HICP (COICOP 00),81
EU HICP,2001M09,Food and non-alcoholic beverages (COICOP 01),97.1
EU HICP,2001M09,Food (COICOP 01.1),97.4
EU HICP,2001M09,Bread and cereals (COICOP 01.1.1),93
EU HICP,2001M09,Meat (COICOP 01.1.2),105.3
EU HICP,2001M10,All-items HICP (COICOP 00),81.4
EU HICP,2001M10,Food and non-alcoholic beverages (COICOP 01),96.9
EU HICP,2001M10,Food (COICOP 01.1),97.1
EU HICP,2001M10,Bread and cereals (COICOP 01.1.1),92.9
EU HICP,2001M10,Meat (COICOP 01.1.2),105.2
EU HICP,2001M11,All-items HICP (COICOP 00),81.3
EU HICP,2001M11,Food and non-alcoholic beverages (COICOP 01),97
EU HICP,2001M11,Food (COICOP 01.1),97.2
EU HICP,2001M11,Bread and cereals (COICOP 01.1.1),93.3
EU HICP,2001M11,Meat (COICOP 01.1.2),106.2
EU HICP,2001M12,All-items HICP (COICOP 00),81.9
EU HICP,2001M12,Food and non-alcoholic beverages (COICOP 01),97.3
EU HICP,2001M12,Food (COICOP 01.1),97.6
EU HICP,2001M12,Bread and cereals (COICOP 01.1.1),93.7
EU HICP,2001M12,Meat (COICOP 01.1.2),106.8
EU HICP,2002M01,All-items HICP (COICOP 00),81.8
EU HICP,2002M01,Food and non-alcoholic beverages (COICOP 01),97.5
EU HICP,2002M01,Food (COICOP 01.1),97.8
EU HICP,2002M01,Bread and cereals (COICOP 01.1.1),93.7
EU HICP,2002M01,Meat (COICOP 01.1.2),106.9
EU HICP,2002M02,All-items HICP (COICOP 00),82.3
EU HICP,2002M02,Food and non-alcoholic beverages (COICOP 01),97.6
EU HICP,2002M02,Food (COICOP 01.1),97.9
EU HICP,2002M02,Bread and cereals (COICOP 01.1.1),93.5
EU HICP,2002M02,Meat (COICOP 01.1.2),107.1
EU HICP,2002M03,All-items HICP (COICOP 00),83
EU HICP,2002M03,Food and non-alcoholic beverages (COICOP 01),97.7
EU HICP,2002M03,Food (COICOP 01.1),98
EU HICP,2002M03,Bread and cereals (COICOP 01.1.1),93.4
EU HICP,2002M03,Meat (COICOP 01.1.2),106.8
EU HICP,2002M04,All-items HICP (COICOP 00),83.7
EU HICP,2002M04,Food and non-alcoholic beverages (COICOP 01),98.2
EU HICP,2002M04,Food (COICOP 01.1),98.5
EU HICP,2002M04,Bread and cereals (COICOP 01.1.1),94.5
EU HICP,2002M04,Meat (COICOP 01.1.2),107.1
EU HICP,2002M05,All-items HICP (COICOP 00),84.1
EU HICP,2002M05,Food and non-alcoholic beverages (COICOP 01),98.8
EU HICP,2002M05,Food (COICOP 01.1),98.9
EU HICP,2002M05,Bread and cereals (COICOP 01.1.1),95.6
EU HICP,2002M05,Meat (COICOP 01.1.2),106.8
EU HICP,2002M06,All-items HICP (COICOP 00),84.3
EU HICP,2002M06,Food and non-alcoholic beverages (COICOP 01),99.1
EU HICP,2002M06,Food (COICOP 01.1),99.3
EU HICP,2002M06,Bread and cereals (COICOP 01.1.1),96.3
EU HICP,2002M06,Meat (COICOP 01.1.2),106.7
EU HICP,2002M07,All-items HICP (COICOP 00),83.8
EU HICP,2002M07,Food and non-alcoholic beverages (COICOP 01),99.4
EU HICP,2002M07,Food (COICOP 01.1),99.5
EU HICP,2002M07,Bread and cereals (COICOP 01.1.1),96.6
EU HICP,2002M07,Meat (COICOP 01.1.2),107.1
EU HICP,2002M08,All-items HICP (COICOP 00),84.3
EU HICP,2002M08,Food and non-alcoholic beverages (COICOP 01),99.5
EU HICP,2002M08,Food (COICOP 01.1),99.7
EU HICP,2002M08,Bread and cereals (COICOP 01.1.1),97
EU HICP,2002M08,Meat (COICOP 01.1.2),106.6
EU HICP,2002M09,All-items HICP (COICOP 00),84.6
EU HICP,2002M09,Food and non-alcoholic beverages (COICOP 01),99.7
EU HICP,2002M09,Food (COICOP 01.1),99.8
EU HICP,2002M09,Bread and cereals (COICOP 01.1.1),97.1
EU HICP,2002M09,Meat (COICOP 01.1.2),107.1
EU HICP,2002M10,All-items HICP (COICOP 00),85
EU HICP,2002M10,Food and non-alcoholic beverages (COICOP 01),99.8
EU HICP,2002M10,Food (COICOP 01.1),100
EU HICP,2002M10,Bread and cereals (COICOP 01.1.1),97.3
EU HICP,2002M10,Meat (COICOP 01.1.2),106.9
EU HICP,2002M11,All-items HICP (COICOP 00),85
EU HICP,2002M11,Food and non-alcoholic beverages (COICOP 01),99.9
EU HICP,2002M11,Food (COICOP 01.1),100
EU HICP,2002M11,Bread and cereals (COICOP 01.1.1),97.5
EU HICP,2002M11,Meat (COICOP 01.1.2),107.2
EU HICP,2002M12,All-items HICP (COICOP 00),85.6
EU HICP,2002M12,Food and non-alcoholic beverages (COICOP 01),100
EU HICP,2002M12,Food (COICOP 01.1),100.2
EU HICP,2002M12,Bread and cereals (COICOP 01.1.1),97.7
EU HICP,2002M12,Meat (COICOP 01.1.2),106.8
EU HICP,2003M01,All-items HICP (COICOP 00),85.7
EU HICP,2003M01,Food and non-alcoholic beverages (COICOP 01),99.8
EU HICP,2003M01,Food (COICOP 01.1),100
EU HICP,2003M01,Bread and cereals (COICOP 01.1.1),97.4
EU HICP,2003M01,Meat (COICOP 01.1.2),106.6
EU HICP,2003M02,All-items HICP (COICOP 00),86.5
EU HICP,2003M02,Food and non-alcoholic beverages (COICOP 01),100.1
EU HICP,2003M02,Food (COICOP 01.1),100.2
EU HICP,2003M02,Bread and cereals (COICOP 01.1.1),97.3
EU HICP,2003M02,Meat (COICOP 01.1.2),106.2
EU HICP,2003M03,All-items HICP (COICOP 00),87.1
EU HICP,2003M03,Food and non-alcoholic beverages (COICOP 01),100.3
EU HICP,2003M03,Food (COICOP 01.1),100.5
EU HICP,2003M03,Bread and cereals (COICOP 01.1.1),97.8
EU HICP,2003M03,Meat (COICOP 01.1.2),107.1
EU HICP,2003M04,All-items HICP (COICOP 00),87.5
EU HICP,2003M04,Food and non-alcoholic beverages (COICOP 01),100.4
EU HICP,2003M04,Food (COICOP 01.1),100.5
EU HICP,2003M04,Bread and cereals (COICOP 01.1.1),97.9
EU HICP,2003M04,Meat (COICOP 01.1.2),107
EU HICP,2003M05,All-items HICP (COICOP 00),87.4
EU HICP,2003M05,Food and non-alcoholic beverages (COICOP 01),100.3
EU HICP,2003M05,Food (COICOP 01.1),100.4
EU HICP,2003M05,Bread and cereals (COICOP 01.1.1),97
EU HICP,2003M05,Meat (COICOP 01.1.2),107
EU HICP,2003M06,All-items HICP (COICOP 00),87.4
EU HICP,2003M06,Food and non-alcoholic beverages (COICOP 01),100.6
EU HICP,2003M06,Food (COICOP 01.1),100.8
EU HICP,2003M06,Bread and cereals (COICOP 01.1.1),97.8
EU HICP,2003M06,Meat (COICOP 01.1.2),106.9
EU HICP,2003M07,All-items HICP (COICOP 00),87.1
EU HICP,2003M07,Food and non-alcoholic beverages (COICOP 01),100.9
EU HICP,2003M07,Food (COICOP 01.1),101
EU HICP,2003M07,Bread and cereals (COICOP 01.1.1),98
EU HICP,2003M07,Meat (COICOP 01.1.2),106.9
EU HICP,2003M08,All-items HICP (COICOP 00),87.7
EU HICP,2003M08,Food and non-alcoholic beverages (COICOP 01),100.8
EU HICP,2003M08,Food (COICOP 01.1),101
EU HICP,2003M08,Bread and cereals (COICOP 01.1.1),97.4
EU HICP,2003M08,Meat (COICOP 01.1.2),107.1
EU HICP,2003M09,All-items HICP (COICOP 00),87.8
EU HICP,2003M09,Food and non-alcoholic beverages (COICOP 01),100.4
EU HICP,2003M09,Food (COICOP 01.1),100.6
EU HICP,2003M09,Bread and cereals (COICOP 01.1.1),97.1
EU HICP,2003M09,Meat (COICOP 01.1.2),106.5
EU HICP,2003M10,All-items HICP (COICOP 00),87.8
EU HICP,2003M10,Food and non-alcoholic beverages (COICOP 01),100.3
EU HICP,2003M10,Food (COICOP 01.1),100.5
EU HICP,2003M10,Bread and cereals (COICOP 01.1.1),97.6
EU HICP,2003M10,Meat (COICOP 01.1.2),106.8
EU HICP,2003M11,All-items HICP (COICOP 00),87.8
EU HICP,2003M11,Food and non-alcoholic beverages (COICOP 01),100.2
EU HICP,2003M11,Food (COICOP 01.1),100.4
EU HICP,2003M11,Bread and cereals (COICOP 01.1.1),97.5
EU HICP,2003M11,Meat (COICOP 01.1.2),106.2
EU HICP,2003M12,All-items HICP (COICOP 00),88.2
EU HICP,2003M12,Food and non-alcoholic beverages (COICOP 01),100.1
EU HICP,2003M12,Food (COICOP 01.1),100.2
EU HICP,2003M12,Bread and cereals (COICOP 01.1.1),97.5
EU HICP,2003M12,Meat (COICOP 01.1.2),106.1
EU HICP,2004M01,All-items HICP (COICOP 00),87.6
EU HICP,2004M01,Food and non-alcoholic beverages (COICOP 01),100.1
EU HICP,2004M01,Food (COICOP 01.1),100.3
EU HICP,2004M01,Bread and cereals (COICOP 01.1.1),97.8
EU HICP,2004M01,Meat (COICOP 01.1.2),106.1
EU HICP,2004M02,All-items HICP (COICOP 00),88.4
EU HICP,2004M02,Food and non-alcoholic beverages (COICOP 01),100
EU HICP,2004M02,Food (COICOP 01.1),100.2
EU HICP,2004M02,Bread and cereals (COICOP 01.1.1),97.8
EU HICP,2004M02,Meat (COICOP 01.1.2),106
EU HICP,2004M03,All-items HICP (COICOP 00),88.7
EU HICP,2004M03,Food and non-alcoholic beverages (COICOP 01),100
EU HICP,2004M03,Food (COICOP 01.1),100.1
EU HICP,2004M03,Bread and cereals (COICOP 01.1.1),97.8
EU HICP,2004M03,Meat (COICOP 01.1.2),106
EU HICP,2004M04,All-items HICP (COICOP 00),89
EU HICP,2004M04,Food and non-alcoholic beverages (COICOP 01),99.7
EU HICP,2004M04,Food (COICOP 01.1),99.7
EU HICP,2004M04,Bread and cereals (COICOP 01.1.1),97.6
EU HICP,2004M04,Meat (COICOP 01.1.2),106.1
EU HICP,2004M05,All-items HICP (COICOP 00),89.2
EU HICP,2004M05,Food and non-alcoholic beverages (COICOP 01),100.1
EU HICP,2004M05,Food (COICOP 01.1),100.2
EU HICP,2004M05,Bread and cereals (COICOP 01.1.1),98.7
EU HICP,2004M05,Meat (COICOP 01.1.2),106.1
EU HICP,2004M06,All-items HICP (COICOP 00),89.6
EU HICP,2004M06,Food and non-alcoholic beverages (COICOP 01),100.6
EU HICP,2004M06,Food (COICOP 01.1),100.7
EU HICP,2004M06,Bread and cereals (COICOP 01.1.1),98.9
EU HICP,2004M06,Meat (COICOP 01.1.2),107.1
EU HICP,2004M07,All-items HICP (COICOP 00),89.3
EU HICP,2004M07,Food and non-alcoholic beverages (COICOP 01),100.2
EU HICP,2004M07,Food (COICOP 01.1),100.2
EU HICP,2004M07,Bread and cereals (COICOP 01.1.1),98.3
EU HICP,2004M07,Meat (COICOP 01.1.2),106.6
EU HICP,2004M08,All-items HICP (COICOP 00),89.9
EU HICP,2004M08,Food and non-alcoholic beverages (COICOP 01),100.2
EU HICP,2004M08,Food (COICOP 01.1),100.3
EU HICP,2004M08,Bread and cereals (COICOP 01.1.1),98.5
EU HICP,2004M08,Meat (COICOP 01.1.2),106.9
EU HICP,2004M09,All-items HICP (COICOP 00),89.9
EU HICP,2004M09,Food and non-alcoholic beverages (COICOP 01),100
EU HICP,2004M09,Food (COICOP 01.1),100.1
EU HICP,2004M09,Bread and cereals (COICOP 01.1.1),99.1
EU HICP,2004M09,Meat (COICOP 01.1.2),106.7
EU HICP,2004M10,All-items HICP (COICOP 00),90
EU HICP,2004M10,Food and non-alcoholic beverages (COICOP 01),100
EU HICP,2004M10,Food (COICOP 01.1),100
EU HICP,2004M10,Bread and cereals (COICOP 01.1.1),98.9
EU HICP,2004M10,Meat (COICOP 01.1.2),106.4
EU HICP,2004M11,All-items HICP (COICOP 00),90.2
EU HICP,2004M11,Food and non-alcoholic beverages (COICOP 01),99.9
EU HICP,2004M11,Food (COICOP 01.1),99.9
EU HICP,2004M11,Bread and cereals (COICOP 01.1.1),98.5
EU HICP,2004M11,Meat (COICOP 01.1.2),106.5
EU HICP,2004M12,All-items HICP (COICOP 00),90.3
EU HICP,2004M12,Food and non-alcoholic beverages (COICOP 01),100.3
EU HICP,2004M12,Food (COICOP 01.1),100.4
EU HICP,2004M12,Bread and cereals (COICOP 01.1.1),98.5
EU HICP,2004M12,Meat (COICOP 01.1.2),107
EU HICP,2005M01,All-items HICP (COICOP 00),89.4
EU HICP,2005M01,Food and non-alcoholic beverages (COICOP 01),99.9
EU HICP,2005M01,Food (COICOP 01.1),100
EU HICP,2005M01,Bread and cereals (COICOP 01.1.1),98.5
EU HICP,2005M01,Meat (COICOP 01.1.2),106.7
EU HICP,2005M02,All-items HICP (COICOP 00),90.2
EU HICP,2005M02,Food and non-alcoholic beverages (COICOP 01),100
EU HICP,2005M02,Food (COICOP 01.1),100.2
EU HICP,2005M02,Bread and cereals (COICOP 01.1.1),98.4
EU HICP,2005M02,Meat (COICOP 01.1.2),106.9
EU HICP,2005M03,All-items HICP (COICOP 00),90.4
EU HICP,2005M03,Food and non-alcoholic beverages (COICOP 01),99.3
EU HICP,2005M03,Food (COICOP 01.1),99.4
EU HICP,2005M03,Bread and cereals (COICOP 01.1.1),97.8
EU HICP,2005M03,Meat (COICOP 01.1.2),106.6
EU HICP,2005M04,All-items HICP (COICOP 00),90.9
EU HICP,2005M04,Food and non-alcoholic beverages (COICOP 01),99.1
EU HICP,2005M04,Food (COICOP 01.1),99.2
EU HICP,2005M04,Bread and cereals (COICOP 01.1.1),97.7
EU HICP,2005M04,Meat (COICOP 01.1.2),105.2
EU HICP,2005M05,All-items HICP (COICOP 00),91.1
EU HICP,2005M05,Food and non-alcoholic beverages (COICOP 01),99.1
EU HICP,2005M05,Food (COICOP 01.1),99.1
EU HICP,2005M05,Bread and cereals (COICOP 01.1.1),98.1
EU HICP,2005M05,Meat (COICOP 01.1.2),105.5
EU HICP,2005M06,All-items HICP (COICOP 00),91.4
EU HICP,2005M06,Food and non-alcoholic beverages (COICOP 01),99.2
EU HICP,2005M06,Food (COICOP 01.1),99.3
EU HICP,2005M06,Bread and cereals (COICOP 01.1.1),98.2
EU HICP,2005M06,Meat (COICOP 01.1.2),104.9
EU HICP,2005M07,All-items HICP (COICOP 00),91.3
EU HICP,2005M07,Food and non-alcoholic beverages (COICOP 01),99.5
EU HICP,2005M07,Food (COICOP 01.1),99.6
EU HICP,2005M07,Bread and cereals (COICOP 01.1.1),98.3
EU HICP,2005M07,Meat (COICOP 01.1.2),104.9
EU HICP,2005M08,All-items HICP (COICOP 00),91.8
EU HICP,2005M08,Food and non-alcoholic beverages (COICOP 01),99.5
EU HICP,2005M08,Food (COICOP 01.1),99.5
EU HICP,2005M08,Bread and cereals (COICOP 01.1.1),98.3
EU HICP,2005M08,Meat (COICOP 01.1.2),104.3
EU HICP,2005M09,All-items HICP (COICOP 00),92.4
EU HICP,2005M09,Food and non-alcoholic beverages (COICOP 01),99.5
EU HICP,2005M09,Food (COICOP 01.1),99.7
EU HICP,2005M09,Bread and cereals (COICOP 01.1.1),98.2
EU HICP,2005M09,Meat (COICOP 01.1.2),104.1
EU HICP,2005M10,All-items HICP (COICOP 00),92.4
EU HICP,2005M10,Food and non-alcoholic beverages (COICOP 01),99.3
EU HICP,2005M10,Food (COICOP 01.1),99.4
EU HICP,2005M10,Bread and cereals (COICOP 01.1.1),98.3
EU HICP,2005M10,Meat (COICOP 01.1.2),103.5
EU HICP,2005M11,All-items HICP (COICOP 00),92.2
EU HICP,2005M11,Food and non-alcoholic beverages (COICOP 01),99.1
EU HICP,2005M11,Food (COICOP 01.1),99.1
EU HICP,2005M11,Bread and cereals (COICOP 01.1.1),98.1
EU HICP,2005M11,Meat (COICOP 01.1.2),103.8
EU HICP,2005M12,All-items HICP (COICOP 00),92
EU HICP,2005M12,Food and non-alcoholic beverages (COICOP 01),99.2
EU HICP,2005M12,Food (COICOP 01.1),99.3
EU HICP,2005M12,Bread and cereals (COICOP 01.1.1),98.1
EU HICP,2005M12,Meat (COICOP 01.1.2),104.4
EU HICP,2006M01,All-items HICP (COICOP 00),91.5
EU HICP,2006M01,Food and non-alcoholic beverages (COICOP 01),99.2
EU HICP,2006M01,Food (COICOP 01.1),99.4
EU HICP,2006M01,Bread and cereals (COICOP 01.1.1),98.2
EU HICP,2006M01,Meat (COICOP 01.1.2),104.4
EU HICP,2006M02,All-items HICP (COICOP 00),92.6
EU HICP,2006M02,Food and non-alcoholic beverages (COICOP 01),100
EU HICP,2006M02,Food (COICOP 01.1),100.1
EU HICP,2006M02,Bread and cereals (COICOP 01.1.1),98.5
EU HICP,2006M02,Meat (COICOP 01.1.2),104.9
EU HICP,2006M03,All-items HICP (COICOP 00),92.9
EU HICP,2006M03,Food and non-alcoholic beverages (COICOP 01),100.4
EU HICP,2006M03,Food (COICOP 01.1),100.6
EU HICP,2006M03,Bread and cereals (COICOP 01.1.1),99
EU HICP,2006M03,Meat (COICOP 01.1.2),105.8
EU HICP,2006M04,All-items HICP (COICOP 00),93.4
EU HICP,2006M04,Food and non-alcoholic beverages (COICOP 01),100.9
EU HICP,2006M04,Food (COICOP 01.1),101.1
EU HICP,2006M04,Bread and cereals (COICOP 01.1.1),99.3
EU HICP,2006M04,Meat (COICOP 01.1.2),105.6
EU HICP,2006M05,All-items HICP (COICOP 00),93.9
EU HICP,2006M05,Food and non-alcoholic beverages (COICOP 01),101.7
EU HICP,2006M05,Food (COICOP 01.1),101.9
EU HICP,2006M05,Bread and cereals (COICOP 01.1.1),99.7
EU HICP,2006M05,Meat (COICOP 01.1.2),107.6
EU HICP,2006M06,All-items HICP (COICOP 00),94
EU HICP,2006M06,Food and non-alcoholic beverages (COICOP 01),101
EU HICP,2006M06,Food (COICOP 01.1),101.3
EU HICP,2006M06,Bread and cereals (COICOP 01.1.1),99.2
EU HICP,2006M06,Meat (COICOP 01.1.2),106.2
EU HICP,2006M07,All-items HICP (COICOP 00),94
EU HICP,2006M07,Food and non-alcoholic beverages (COICOP 01),101
EU HICP,2006M07,Food (COICOP 01.1),101.4
EU HICP,2006M07,Bread and cereals (COICOP 01.1.1),98.6
EU HICP,2006M07,Meat (COICOP 01.1.2),107.1
EU HICP,2006M08,All-items HICP (COICOP 00),94.6
EU HICP,2006M08,Food and non-alcoholic beverages (COICOP 01),101
EU HICP,2006M08,Food (COICOP 01.1),101.4
EU HICP,2006M08,Bread and cereals (COICOP 01.1.1),98.6
EU HICP,2006M08,Meat (COICOP 01.1.2),107.5
EU HICP,2006M09,All-items HICP (COICOP 00),94.4
EU HICP,2006M09,Food and non-alcoholic beverages (COICOP 01),101.2
EU HICP,2006M09,Food (COICOP 01.1),101.5
EU HICP,2006M09,Bread and cereals (COICOP 01.1.1),98.3
EU HICP,2006M09,Meat (COICOP 01.1.2),107.5
EU HICP,2006M10,All-items HICP (COICOP 00),94.4
EU HICP,2006M10,Food and non-alcoholic beverages (COICOP 01),100.9
EU HICP,2006M10,Food (COICOP 01.1),101.4
EU HICP,2006M10,Bread and cereals (COICOP 01.1.1),98
EU HICP,2006M10,Meat (COICOP 01.1.2),107.7
EU HICP,2006M11,All-items HICP (COICOP 00),94.4
EU HICP,2006M11,Food and non-alcoholic beverages (COICOP 01),100.8
EU HICP,2006M11,Food (COICOP 01.1),101.1
EU HICP,2006M11,Bread and cereals (COICOP 01.1.1),97.9
EU HICP,2006M11,Meat (COICOP 01.1.2),107.3
EU HICP,2006M12,All-items HICP (COICOP 00),94.8
EU HICP,2006M12,Food and non-alcoholic beverages (COICOP 01),101
EU HICP,2006M12,Food (COICOP 01.1),101.4
EU HICP,2006M12,Bread and cereals (COICOP 01.1.1),98
EU HICP,2006M12,Meat (COICOP 01.1.2),107.5
EU HICP,2007M01,All-items HICP (COICOP 00),94.2
EU HICP,2007M01,Food and non-alcoholic beverages (COICOP 01),101
EU HICP,2007M01,Food (COICOP 01.1),101.4
EU HICP,2007M01,Bread and cereals (COICOP 01.1.1),98
EU HICP,2007M01,Meat (COICOP 01.1.2),107.7
EU HICP,2007M02,All-items HICP (COICOP 00),95.1
EU HICP,2007M02,Food and non-alcoholic beverages (COICOP 01),101.1
EU HICP,2007M02,Food (COICOP 01.1),101.5
EU HICP,2007M02,Bread and cereals (COICOP 01.1.1),97.8
EU HICP,2007M02,Meat (COICOP 01.1.2),108.2
EU HICP,2007M03,All-items HICP (COICOP 00),95.7
EU HICP,2007M03,Food and non-alcoholic beverages (COICOP 01),101.3
EU HICP,2007M03,Food (COICOP 01.1),101.7
EU HICP,2007M03,Bread and cereals (COICOP 01.1.1),99.2
EU HICP,2007M03,Meat (COICOP 01.1.2),107.8
EU HICP,2007M04,All-items HICP (COICOP 00),96.1
EU HICP,2007M04,Food and non-alcoholic beverages (COICOP 01),102.5
EU HICP,2007M04,Food (COICOP 01.1),102.8
EU HICP,2007M04,Bread and cereals (COICOP 01.1.1),100.7
EU HICP,2007M04,Meat (COICOP 01.1.2),108.4
EU HICP,2007M05,All-items HICP (COICOP 00),96.4
EU HICP,2007M05,Food and non-alcoholic beverages (COICOP 01),103.1
EU HICP,2007M05,Food (COICOP 01.1),103.5
EU HICP,2007M05,Bread and cereals (COICOP 01.1.1),101.2
EU HICP,2007M05,Meat (COICOP 01.1.2),109.2
EU HICP,2007M06,All-items HICP (COICOP 00),96.6
EU HICP,2007M06,Food and non-alcoholic beverages (COICOP 01),103.6
EU HICP,2007M06,Food (COICOP 01.1),103.9
EU HICP,2007M06,Bread and cereals (COICOP 01.1.1),101.6
EU HICP,2007M06,Meat (COICOP 01.1.2),109.4
EU HICP,2007M07,All-items HICP (COICOP 00),96.5
EU HICP,2007M07,Food and non-alcoholic beverages (COICOP 01),103.6
EU HICP,2007M07,Food (COICOP 01.1),104
EU HICP,2007M07,Bread and cereals (COICOP 01.1.1),101.5
EU HICP,2007M07,Meat (COICOP 01.1.2),109.6
EU HICP,2007M08,All-items HICP (COICOP 00),96.9
EU HICP,2007M08,Food and non-alcoholic beverages (COICOP 01),103.7
EU HICP,2007M08,Food (COICOP 01.1),104.1
EU HICP,2007M08,Bread and cereals (COICOP 01.1.1),102
EU HICP,2007M08,Meat (COICOP 01.1.2),108.7
EU HICP,2007M09,All-items HICP (COICOP 00),97.1
EU HICP,2007M09,Food and non-alcoholic beverages (COICOP 01),103.9
EU HICP,2007M09,Food (COICOP 01.1),104.3
EU HICP,2007M09,Bread and cereals (COICOP 01.1.1),101.8
EU HICP,2007M09,Meat (COICOP 01.1.2),109.2
EU HICP,2007M10,All-items HICP (COICOP 00),97.2
EU HICP,2007M10,Food and non-alcoholic beverages (COICOP 01),105.3
EU HICP,2007M10,Food (COICOP 01.1),105.8
EU HICP,2007M10,Bread and cereals (COICOP 01.1.1),105.1
EU HICP,2007M10,Meat (COICOP 01.1.2),109.6
EU HICP,2007M11,All-items HICP (COICOP 00),97.7
EU HICP,2007M11,Food and non-alcoholic beverages (COICOP 01),106.5
EU HICP,2007M11,Food (COICOP 01.1),107.2
EU HICP,2007M11,Bread and cereals (COICOP 01.1.1),107.9
EU HICP,2007M11,Meat (COICOP 01.1.2),109.4
EU HICP,2007M12,All-items HICP (COICOP 00),97.8
EU HICP,2007M12,Food and non-alcoholic beverages (COICOP 01),107.3
EU HICP,2007M12,Food (COICOP 01.1),108
EU HICP,2007M12,Bread and cereals (COICOP 01.1.1),110.8
EU HICP,2007M12,Meat (COICOP 01.1.2),108.7
EU HICP,2008M01,All-items HICP (COICOP 00),97.1
EU HICP,2008M01,Food and non-alcoholic beverages (COICOP 01),107.7
EU HICP,2008M01,Food (COICOP 01.1),108.4
EU HICP,2008M01,Bread and cereals (COICOP 01.1.1),110.8
EU HICP,2008M01,Meat (COICOP 01.1.2),110.2
EU HICP,2008M02,All-items HICP (COICOP 00),98.3
EU HICP,2008M02,Food and non-alcoholic beverages (COICOP 01),109.7
EU HICP,2008M02,Food (COICOP 01.1),110.4
EU HICP,2008M02,Bread and cereals (COICOP 01.1.1),112.8
EU HICP,2008M02,Meat (COICOP 01.1.2),111.9
EU HICP,2008M03,All-items HICP (COICOP 00),99.3
EU HICP,2008M03,Food and non-alcoholic beverages (COICOP 01),110.7
EU HICP,2008M03,Food (COICOP 01.1),111.4
EU HICP,2008M03,Bread and cereals (COICOP 01.1.1),113.8
EU HICP,2008M03,Meat (COICOP 01.1.2),113.6
EU HICP,2008M04,All-items HICP (COICOP 00),99.4
EU HICP,2008M04,Food and non-alcoholic beverages (COICOP 01),110.8
EU HICP,2008M04,Food (COICOP 01.1),111.4
EU HICP,2008M04,Bread and cereals (COICOP 01.1.1),112.7
EU HICP,2008M04,Meat (COICOP 01.1.2),114.6
EU HICP,2008M05,All-items HICP (COICOP 00),100
EU HICP,2008M05,Food and non-alcoholic beverages (COICOP 01),111.2
EU HICP,2008M05,Food (COICOP 01.1),111.8
EU HICP,2008M05,Bread and cereals (COICOP 01.1.1),113.2
EU HICP,2008M05,Meat (COICOP 01.1.2),115.5
EU HICP,2008M06,All-items HICP (COICOP 00),100.4
EU HICP,2008M06,Food and non-alcoholic beverages (COICOP 01),111.1
EU HICP,2008M06,Food (COICOP 01.1),111.7
EU HICP,2008M06,Bread and cereals (COICOP 01.1.1),112.8
EU HICP,2008M06,Meat (COICOP 01.1.2),114.5
EU HICP,2008M07,All-items HICP (COICOP 00),99.9
EU HICP,2008M07,Food and non-alcoholic beverages (COICOP 01),110.7
EU HICP,2008M07,Food (COICOP 01.1),111.4
EU HICP,2008M07,Bread and cereals (COICOP 01.1.1),111.9
EU HICP,2008M07,Meat (COICOP 01.1.2),115.3
EU HICP,2008M08,All-items HICP (COICOP 00),100
EU HICP,2008M08,Food and non-alcoholic beverages (COICOP 01),110.4
EU HICP,2008M08,Food (COICOP 01.1),111
EU HICP,2008M08,Bread and cereals (COICOP 01.1.1),112.3
EU HICP,2008M08,Meat (COICOP 01.1.2),114.1
EU HICP,2008M09,All-items HICP (COICOP 00),100.2
EU HICP,2008M09,Food and non-alcoholic beverages (COICOP 01),110.3
EU HICP,2008M09,Food (COICOP 01.1),110.9
EU HICP,2008M09,Bread and cereals (COICOP 01.1.1),112
EU HICP,2008M09,Meat (COICOP 01.1.2),114.3
EU HICP,2008M10,All-items HICP (COICOP 00),99.9
EU HICP,2008M10,Food and non-alcoholic beverages (COICOP 01),110.2
EU HICP,2008M10,Food (COICOP 01.1),110.8
EU HICP,2008M10,Bread and cereals (COICOP 01.1.1),111.3
EU HICP,2008M10,Meat (COICOP 01.1.2),114.8
EU HICP,2008M11,All-items HICP (COICOP 00),99.8
EU HICP,2008M11,Food and non-alcoholic beverages (COICOP 01),110.7
EU HICP,2008M11,Food (COICOP 01.1),111.3
EU HICP,2008M11,Bread and cereals (COICOP 01.1.1),112.7
EU HICP,2008M11,Meat (COICOP 01.1.2),114.1
EU HICP,2008M12,All-items HICP (COICOP 00),99.1
EU HICP,2008M12,Food and non-alcoholic beverages (COICOP 01),110.7
EU HICP,2008M12,Food (COICOP 01.1),111.3
EU HICP,2008M12,Bread and cereals (COICOP 01.1.1),113
EU HICP,2008M12,Meat (COICOP 01.1.2),114
EU HICP,2009M01,All-items HICP (COICOP 00),98.3
EU HICP,2009M01,Food and non-alcoholic beverages (COICOP 01),111
EU HICP,2009M01,Food (COICOP 01.1),111.6
EU HICP,2009M01,Bread and cereals (COICOP 01.1.1),112
EU HICP,2009M01,Meat (COICOP 01.1.2),115.1
EU HICP,2009M02,All-items HICP (COICOP 00),98.4
EU HICP,2009M02,Food and non-alcoholic beverages (COICOP 01),110.6
EU HICP,2009M02,Food (COICOP 01.1),111.2
EU HICP,2009M02,Bread and cereals (COICOP 01.1.1),111.5
EU HICP,2009M02,Meat (COICOP 01.1.2),113.7
EU HICP,2009M03,All-items HICP (COICOP 00),98.5
EU HICP,2009M03,Food and non-alcoholic beverages (COICOP 01),110.1
EU HICP,2009M03,Food (COICOP 01.1),110.7
EU HICP,2009M03,Bread and cereals (COICOP 01.1.1),111.3
EU HICP,2009M03,Meat (COICOP 01.1.2),113.2
EU HICP,2009M04,All-items HICP (COICOP 00),98.6
EU HICP,2009M04,Food and non-alcoholic beverages (COICOP 01),108.9
EU HICP,2009M04,Food (COICOP 01.1),109.5
EU HICP,2009M04,Bread and cereals (COICOP 01.1.1),108.9
EU HICP,2009M04,Meat (COICOP 01.1.2),111.7
EU HICP,2009M05,All-items HICP (COICOP 00),98.3
EU HICP,2009M05,Food and non-alcoholic beverages (COICOP 01),108.5
EU HICP,2009M05,Food (COICOP 01.1),109
EU HICP,2009M05,Bread and cereals (COICOP 01.1.1),110.2
EU HICP,2009M05,Meat (COICOP 01.1.2),111.3
EU HICP,2009M06,All-items HICP (COICOP 00),98.3
EU HICP,2009M06,Food and non-alcoholic beverages (COICOP 01),107.4
EU HICP,2009M06,Food (COICOP 01.1),108.1
EU HICP,2009M06,Bread and cereals (COICOP 01.1.1),109.7
EU HICP,2009M06,Meat (COICOP 01.1.2),110
EU HICP,2009M07,All-items HICP (COICOP 00),97.4
EU HICP,2009M07,Food and non-alcoholic beverages (COICOP 01),106.1
EU HICP,2009M07,Food (COICOP 01.1),106.7
EU HICP,2009M07,Bread and cereals (COICOP 01.1.1),108.4
EU HICP,2009M07,Meat (COICOP 01.1.2),109
EU HICP,2009M08,All-items HICP (COICOP 00),97.6
EU HICP,2009M08,Food and non-alcoholic beverages (COICOP 01),105.1
EU HICP,2009M08,Food (COICOP 01.1),105.7
EU HICP,2009M08,Bread and cereals (COICOP 01.1.1),108
EU HICP,2009M08,Meat (COICOP 01.1.2),108.7
EU HICP,2009M09,All-items HICP (COICOP 00),97.3
EU HICP,2009M09,Food and non-alcoholic beverages (COICOP 01),103.6
EU HICP,2009M09,Food (COICOP 01.1),104.3
EU HICP,2009M09,Bread and cereals (COICOP 01.1.1),106.9
EU HICP,2009M09,Meat (COICOP 01.1.2),107.4
EU HICP,2009M10,All-items HICP (COICOP 00),97
EU HICP,2009M10,Food and non-alcoholic beverages (COICOP 01),103.1
EU HICP,2009M10,Food (COICOP 01.1),103.8
EU HICP,2009M10,Bread and cereals (COICOP 01.1.1),106.2
EU HICP,2009M10,Meat (COICOP 01.1.2),107.2
EU HICP,2009M11,All-items HICP (COICOP 00),97
EU HICP,2009M11,Food and non-alcoholic beverages (COICOP 01),102.3
EU HICP,2009M11,Food (COICOP 01.1),103
EU HICP,2009M11,Bread and cereals (COICOP 01.1.1),105.5
EU HICP,2009M11,Meat (COICOP 01.1.2),106.8
EU HICP,2009M12,All-items HICP (COICOP 00),96.5
EU HICP,2009M12,Food and non-alcoholic beverages (COICOP 01),101.8
EU HICP,2009M12,Food (COICOP 01.1),102.6
EU HICP,2009M12,Bread and cereals (COICOP 01.1.1),105.2
EU HICP,2009M12,Meat (COICOP 01.1.2),106.3
EU HICP,2010M01,All-items HICP (COICOP 00),95.8
EU HICP,2010M01,Food and non-alcoholic beverages (COICOP 01),101.9
EU HICP,2010M01,Food (COICOP 01.1),102.6
EU HICP,2010M01,Bread and cereals (COICOP 01.1.1),104.7
EU HICP,2010M01,Meat (COICOP 01.1.2),105.7
EU HICP,2010M02,All-items HICP (COICOP 00),96
EU HICP,2010M02,Food and non-alcoholic beverages (COICOP 01),101.7
EU HICP,2010M02,Food (COICOP 01.1),102.4
EU HICP,2010M02,Bread and cereals (COICOP 01.1.1),104
EU HICP,2010M02,Meat (COICOP 01.1.2),104.5
EU HICP,2010M03,All-items HICP (COICOP 00),96.1
EU HICP,2010M03,Food and non-alcoholic beverages (COICOP 01),101.5
EU HICP,2010M03,Food (COICOP 01.1),102.2
EU HICP,2010M03,Bread and cereals (COICOP 01.1.1),104.6
EU HICP,2010M03,Meat (COICOP 01.1.2),103.6
EU HICP,2010M04,All-items HICP (COICOP 00),96.2
EU HICP,2010M04,Food and non-alcoholic beverages (COICOP 01),101.2
EU HICP,2010M04,Food (COICOP 01.1),101.8
EU HICP,2010M04,Bread and cereals (COICOP 01.1.1),104
EU HICP,2010M04,Meat (COICOP 01.1.2),103
EU HICP,2010M05,All-items HICP (COICOP 00),96.4
EU HICP,2010M05,Food and non-alcoholic beverages (COICOP 01),101.6
EU HICP,2010M05,Food (COICOP 01.1),102.2
EU HICP,2010M05,Bread and cereals (COICOP 01.1.1),103.7
EU HICP,2010M05,Meat (COICOP 01.1.2),103.5
EU HICP,2010M06,All-items HICP (COICOP 00),96.3
EU HICP,2010M06,Food and non-alcoholic beverages (COICOP 01),101.7
EU HICP,2010M06,Food (COICOP 01.1),102.2
EU HICP,2010M06,Bread and cereals (COICOP 01.1.1),103.4
EU HICP,2010M06,Meat (COICOP 01.1.2),103.7
EU HICP,2010M07,All-items HICP (COICOP 00),96.2
EU HICP,2010M07,Food and non-alcoholic beverages (COICOP 01),102.1
EU HICP,2010M07,Food (COICOP 01.1),102.5
EU HICP,2010M07,Bread and cereals (COICOP 01.1.1),102.8
EU HICP,2010M07,Meat (COICOP 01.1.2),103.3
EU HICP,2010M08,All-items HICP (COICOP 00),96.4
EU HICP,2010M08,Food and non-alcoholic beverages (COICOP 01),101.7
EU HICP,2010M08,Food (COICOP 01.1),102.3
EU HICP,2010M08,Bread and cereals (COICOP 01.1.1),103.6
EU HICP,2010M08,Meat (COICOP 01.1.2),102.4
EU HICP,2010M09,All-items HICP (COICOP 00),96.2
EU HICP,2010M09,Food and non-alcoholic beverages (COICOP 01),101.5
EU HICP,2010M09,Food (COICOP 01.1),102
EU HICP,2010M09,Bread and cereals (COICOP 01.1.1),104.3
EU HICP,2010M09,Meat (COICOP 01.1.2),101.8
EU HICP,2010M10,All-items HICP (COICOP 00),96.3
EU HICP,2010M10,Food and non-alcoholic beverages (COICOP 01),101.7
EU HICP,2010M10,Food (COICOP 01.1),102.1
EU HICP,2010M10,Bread and cereals (COICOP 01.1.1),104.4
EU HICP,2010M10,Meat (COICOP 01.1.2),101.5
EU HICP,2010M11,All-items HICP (COICOP 00),96.1
EU HICP,2010M11,Food and non-alcoholic beverages (COICOP 01),101.5
EU HICP,2010M11,Food (COICOP 01.1),101.9
EU HICP,2010M11,Bread and cereals (COICOP 01.1.1),105.2
EU HICP,2010M11,Meat (COICOP 01.1.2),101.5
EU HICP,2010M12,All-items HICP (COICOP 00),96.3
EU HICP,2010M12,Food and non-alcoholic beverages (COICOP 01),101.9
EU HICP,2010M12,Food (COICOP 01.1),102.3
EU HICP,2010M12,Bread and cereals (COICOP 01.1.1),105.9
EU HICP,2010M12,Meat (COICOP 01.1.2),101.5
EU HICP,2011M01,All-items HICP (COICOP 00),96.1
EU HICP,2011M01,Food and non-alcoholic beverages (COICOP 01),102.2
EU HICP,2011M01,Food (COICOP 01.1),102.5
EU HICP,2011M01,Bread and cereals (COICOP 01.1.1),105.2
EU HICP,2011M01,Meat (COICOP 01.1.2),102
EU HICP,2011M02,All-items HICP (COICOP 00),96.9
EU HICP,2011M02,Food and non-alcoholic beverages (COICOP 01),103
EU HICP,2011M02,Food (COICOP 01.1),103.2
EU HICP,2011M02,Bread and cereals (COICOP 01.1.1),106.2
EU HICP,2011M02,Meat (COICOP 01.1.2),102
EU HICP,2011M03,All-items HICP (COICOP 00),97.3
EU HICP,2011M03,Food and non-alcoholic beverages (COICOP 01),103.1
EU HICP,2011M03,Food (COICOP 01.1),103.3
EU HICP,2011M03,Bread and cereals (COICOP 01.1.1),107.1
EU HICP,2011M03,Meat (COICOP 01.1.2),102.5
EU HICP,2011M04,All-items HICP (COICOP 00),97.6
EU HICP,2011M04,Food and non-alcoholic beverages (COICOP 01),102.6
EU HICP,2011M04,Food (COICOP 01.1),102.8
EU HICP,2011M04,Bread and cereals (COICOP 01.1.1),106.8
EU HICP,2011M04,Meat (COICOP 01.1.2),101.4
EU HICP,2011M05,All-items HICP (COICOP 00),97.6
EU HICP,2011M05,Food and non-alcoholic beverages (COICOP 01),102.6
EU HICP,2011M05,Food (COICOP 01.1),102.7
EU HICP,2011M05,Bread and cereals (COICOP 01.1.1),106.5
EU HICP,2011M05,Meat (COICOP 01.1.2),102
EU HICP,2011M06,All-items HICP (COICOP 00),97.4
EU HICP,2011M06,Food and non-alcoholic beverages (COICOP 01),102.4
EU HICP,2011M06,Food (COICOP 01.1),102.5
EU HICP,2011M06,Bread and cereals (COICOP 01.1.1),106.6
EU HICP,2011M06,Meat (COICOP 01.1.2),102
EU HICP,2011M07,All-items HICP (COICOP 00),97.2
EU HICP,2011M07,Food and non-alcoholic beverages (COICOP 01),103.1
EU HICP,2011M07,Food (COICOP 01.1),103.3
EU HICP,2011M07,Bread and cereals (COICOP 01.1.1),106.5
EU HICP,2011M07,Meat (COICOP 01.1.2),103
EU HICP,2011M08,All-items HICP (COICOP 00),97.4
EU HICP,2011M08,Food and non-alcoholic beverages (COICOP 01),103.2
EU HICP,2011M08,Food (COICOP 01.1),103.4
EU HICP,2011M08,Bread and cereals (COICOP 01.1.1),105.9
EU HICP,2011M08,Meat (COICOP 01.1.2),102.8
EU HICP,2011M09,All-items HICP (COICOP 00),97.5
EU HICP,2011M09,Food and non-alcoholic beverages (COICOP 01),102.9
EU HICP,2011M09,Food (COICOP 01.1),103.1
EU HICP,2011M09,Bread and cereals (COICOP 01.1.1),105.8
EU HICP,2011M09,Meat (COICOP 01.1.2),103.1
EU HICP,2011M10,All-items HICP (COICOP 00),97.8
EU HICP,2011M10,Food and non-alcoholic beverages (COICOP 01),103.1
EU HICP,2011M10,Food (COICOP 01.1),103.2
EU HICP,2011M10,Bread and cereals (COICOP 01.1.1),106.4
EU HICP,2011M10,Meat (COICOP 01.1.2),102.3
EU HICP,2011M11,All-items HICP (COICOP 00),97.8
EU HICP,2011M11,Food and non-alcoholic beverages (COICOP 01),103.1
EU HICP,2011M11,Food (COICOP 01.1),103.3
EU HICP,2011M11,Bread and cereals (COICOP 01.1.1),105.9
EU HICP,2011M11,Meat (COICOP 01.1.2),104.1
EU HICP,2011M12,All-items HICP (COICOP 00),97.7
EU HICP,2011M12,Food and non-alcoholic beverages (COICOP 01),103.1
EU HICP,2011M12,Food (COICOP 01.1),103.2
EU HICP,2011M12,Bread and cereals (COICOP 01.1.1),105.4
EU HICP,2011M12,Meat (COICOP 01.1.2),102.9
EU HICP,2012M01,All-items HICP (COICOP 00),97.3
EU HICP,2012M01,Food and non-alcoholic beverages (COICOP 01),102.5
EU HICP,2012M01,Food (COICOP 01.1),102.8
EU HICP,2012M01,Bread and cereals (COICOP 01.1.1),104.8
EU HICP,2012M01,Meat (COICOP 01.1.2),102.4
EU HICP,2012M02,All-items HICP (COICOP 00),98.4
EU HICP,2012M02,Food and non-alcoholic beverages (COICOP 01),102.8
EU HICP,2012M02,Food (COICOP 01.1),102.8
EU HICP,2012M02,Bread and cereals (COICOP 01.1.1),105.3
EU HICP,2012M02,Meat (COICOP 01.1.2),102.1
EU HICP,2012M03,All-items HICP (COICOP 00),99.4
EU HICP,2012M03,Food and non-alcoholic beverages (COICOP 01),102.7
EU HICP,2012M03,Food (COICOP 01.1),102.5
EU HICP,2012M03,Bread and cereals (COICOP 01.1.1),104.3
EU HICP,2012M03,Meat (COICOP 01.1.2),102.1
EU HICP,2012M04,All-items HICP (COICOP 00),99.4
EU HICP,2012M04,Food and non-alcoholic beverages (COICOP 01),103.2
EU HICP,2012M04,Food (COICOP 01.1),103.3
EU HICP,2012M04,Bread and cereals (COICOP 01.1.1),104.8
EU HICP,2012M04,Meat (COICOP 01.1.2),103
EU HICP,2012M05,All-items HICP (COICOP 00),99.4
EU HICP,2012M05,Food and non-alcoholic beverages (COICOP 01),103.2
EU HICP,2012M05,Food (COICOP 01.1),103.1
EU HICP,2012M05,Bread and cereals (COICOP 01.1.1),104.8
EU HICP,2012M05,Meat (COICOP 01.1.2),103
EU HICP,2012M06,All-items HICP (COICOP 00),99.2
EU HICP,2012M06,Food and non-alcoholic beverages (COICOP 01),103.2
EU HICP,2012M06,Food (COICOP 01.1),103.1
EU HICP,2012M06,Bread and cereals (COICOP 01.1.1),104.1
EU HICP,2012M06,Meat (COICOP 01.1.2),102.5
EU HICP,2012M07,All-items HICP (COICOP 00),99.1
EU HICP,2012M07,Food and non-alcoholic beverages (COICOP 01),103.3
EU HICP,2012M07,Food (COICOP 01.1),103.1
EU HICP,2012M07,Bread and cereals (COICOP 01.1.1),104.5
EU HICP,2012M07,Meat (COICOP 01.1.2),102.9
EU HICP,2012M08,All-items HICP (COICOP 00),99.9
EU HICP,2012M08,Food and non-alcoholic beverages (COICOP 01),103.5
EU HICP,2012M08,Food (COICOP 01.1),103.4
EU HICP,2012M08,Bread and cereals (COICOP 01.1.1),103.9
EU HICP,2012M08,Meat (COICOP 01.1.2),102.8
EU HICP,2012M09,All-items HICP (COICOP 00),99.9
EU HICP,2012M09,Food and non-alcoholic beverages (COICOP 01),103.7
EU HICP,2012M09,Food (COICOP 01.1),103.6
EU HICP,2012M09,Bread and cereals (COICOP 01.1.1),103.7
EU HICP,2012M09,Meat (COICOP 01.1.2),103.1
EU HICP,2012M10,All-items HICP (COICOP 00),99.8
EU HICP,2012M10,Food and non-alcoholic beverages (COICOP 01),104.1
EU HICP,2012M10,Food (COICOP 01.1),104.1
EU HICP,2012M10,Bread and cereals (COICOP 01.1.1),104.3
EU HICP,2012M10,Meat (COICOP 01.1.2),103.8
EU HICP,2012M11,All-items HICP (COICOP 00),99.3
EU HICP,2012M11,Food and non-alcoholic beverages (COICOP 01),104.1
EU HICP,2012M11,Food (COICOP 01.1),103.9
EU HICP,2012M11,Bread and cereals (COICOP 01.1.1),104.4
EU HICP,2012M11,Meat (COICOP 01.1.2),103.5
EU HICP,2012M12,All-items HICP (COICOP 00),99.4
EU HICP,2012M12,Food and non-alcoholic beverages (COICOP 01),104.8
EU HICP,2012M12,Food (COICOP 01.1),104.7
EU HICP,2012M12,Bread and cereals (COICOP 01.1.1),105.5
EU HICP,2012M12,Meat (COICOP 01.1.2),103.8
EU HICP,2013M01,All-items HICP (COICOP 00),98.8
EU HICP,2013M01,Food and non-alcoholic beverages (COICOP 01),105
EU HICP,2013M01,Food (COICOP 01.1),105.1
EU HICP,2013M01,Bread and cereals (COICOP 01.1.1),105.8
EU HICP,2013M01,Meat (COICOP 01.1.2),104
EU HICP,2013M02,All-items HICP (COICOP 00),99.6
EU HICP,2013M02,Food and non-alcoholic beverages (COICOP 01),104.8
EU HICP,2013M02,Food (COICOP 01.1),104.8
EU HICP,2013M02,Bread and cereals (COICOP 01.1.1),105.6
EU HICP,2013M02,Meat (COICOP 01.1.2),104.3
EU HICP,2013M03,All-items HICP (COICOP 00),100
EU HICP,2013M03,Food and non-alcoholic beverages (COICOP 01),104.4
EU HICP,2013M03,Food (COICOP 01.1),104.3
EU HICP,2013M03,Bread and cereals (COICOP 01.1.1),105.6
EU HICP,2013M03,Meat (COICOP 01.1.2),104.1
EU HICP,2013M04,All-items HICP (COICOP 00),99.9
EU HICP,2013M04,Food and non-alcoholic beverages (COICOP 01),104.8
EU HICP,2013M04,Food (COICOP 01.1),104.8
EU HICP,2013M04,Bread and cereals (COICOP 01.1.1),105.8
EU HICP,2013M04,Meat (COICOP 01.1.2),104.3
EU HICP,2013M05,All-items HICP (COICOP 00),99.8
EU HICP,2013M05,Food and non-alcoholic beverages (COICOP 01),104.8
EU HICP,2013M05,Food (COICOP 01.1),104.8
EU HICP,2013M05,Bread and cereals (COICOP 01.1.1),105.4
EU HICP,2013M05,Meat (COICOP 01.1.2),104.4
EU HICP,2013M06,All-items HICP (COICOP 00),99.9
EU HICP,2013M06,Food and non-alcoholic beverages (COICOP 01),104.9
EU HICP,2013M06,Food (COICOP 01.1),105.1
EU HICP,2013M06,Bread and cereals (COICOP 01.1.1),105.6
EU HICP,2013M06,Meat (COICOP 01.1.2),105.3
EU HICP,2013M07,All-items HICP (COICOP 00),99.9
EU HICP,2013M07,Food and non-alcoholic beverages (COICOP 01),105.4
EU HICP,2013M07,Food (COICOP 01.1),105.5
EU HICP,2013M07,Bread and cereals (COICOP 01.1.1),105.5
EU HICP,2013M07,Meat (COICOP 01.1.2),105.7
EU HICP,2013M08,All-items HICP (COICOP 00),100
EU HICP,2013M08,Food and non-alcoholic beverages (COICOP 01),104.7
EU HICP,2013M08,Food (COICOP 01.1),104.8
EU HICP,2013M08,Bread and cereals (COICOP 01.1.1),104.9
EU HICP,2013M08,Meat (COICOP 01.1.2),104.8
EU HICP,2013M09,All-items HICP (COICOP 00),99.9
EU HICP,2013M09,Food and non-alcoholic beverages (COICOP 01),104
EU HICP,2013M09,Food (COICOP 01.1),104.1
EU HICP,2013M09,Bread and cereals (COICOP 01.1.1),104.2
EU HICP,2013M09,Meat (COICOP 01.1.2),104
EU HICP,2013M10,All-items HICP (COICOP 00),99.7
EU HICP,2013M10,Food and non-alcoholic beverages (COICOP 01),104.1
EU HICP,2013M10,Food (COICOP 01.1),104.2
EU HICP,2013M10,Bread and cereals (COICOP 01.1.1),104.6
EU HICP,2013M10,Meat (COICOP 01.1.2),104.8
EU HICP,2013M11,All-items HICP (COICOP 00),99.6
EU HICP,2013M11,Food and non-alcoholic beverages (COICOP 01),103.8
EU HICP,2013M11,Food (COICOP 01.1),103.9
EU HICP,2013M11,Bread and cereals (COICOP 01.1.1),104
EU HICP,2013M11,Meat (COICOP 01.1.2),104.5
EU HICP,2013M12,All-items HICP (COICOP 00),99.7
EU HICP,2013M12,Food and non-alcoholic beverages (COICOP 01),103.6
EU HICP,2013M12,Food (COICOP 01.1),103.7
EU HICP,2013M12,Bread and cereals (COICOP 01.1.1),104.6
EU HICP,2013M12,Meat (COICOP 01.1.2),104.4
EU HICP,2014M01,All-items HICP (COICOP 00),99.1
EU HICP,2014M01,Food and non-alcoholic beverages (COICOP 01),103.3
EU HICP,2014M01,Food (COICOP 01.1),103.5
EU HICP,2014M01,Bread and cereals (COICOP 01.1.1),103.7
EU HICP,2014M01,Meat (COICOP 01.1.2),103.4
EU HICP,2014M02,All-items HICP (COICOP 00),99.7
EU HICP,2014M02,Food and non-alcoholic beverages (COICOP 01),103.1
EU HICP,2014M02,Food (COICOP 01.1),103
EU HICP,2014M02,Bread and cereals (COICOP 01.1.1),103.6
EU HICP,2014M02,Meat (COICOP 01.1.2),103.4
EU HICP,2014M03,All-items HICP (COICOP 00),100.2
EU HICP,2014M03,Food and non-alcoholic beverages (COICOP 01),102.8
EU HICP,2014M03,Food (COICOP 01.1),102.8
EU HICP,2014M03,Bread and cereals (COICOP 01.1.1),104
EU HICP,2014M03,Meat (COICOP 01.1.2),103.7
EU HICP,2014M04,All-items HICP (COICOP 00),100.2
EU HICP,2014M04,Food and non-alcoholic beverages (COICOP 01),102.7
EU HICP,2014M04,Food (COICOP 01.1),102.6
EU HICP,2014M04,Bread and cereals (COICOP 01.1.1),103.3
EU HICP,2014M04,Meat (COICOP 01.1.2),103.3
EU HICP,2014M05,All-items HICP (COICOP 00),100.2
EU HICP,2014M05,Food and non-alcoholic beverages (COICOP 01),102.8
EU HICP,2014M05,Food (COICOP 01.1),102.8
EU HICP,2014M05,Bread and cereals (COICOP 01.1.1),103.3
EU HICP,2014M05,Meat (COICOP 01.1.2),103
EU HICP,2014M06,All-items HICP (COICOP 00),100.4
EU HICP,2014M06,Food and non-alcoholic beverages (COICOP 01),102.5
EU HICP,2014M06,Food (COICOP 01.1),102.5
EU HICP,2014M06,Bread and cereals (COICOP 01.1.1),103.2
EU HICP,2014M06,Meat (COICOP 01.1.2),102.9
EU HICP,2014M07,All-items HICP (COICOP 00),100.3
EU HICP,2014M07,Food and non-alcoholic beverages (COICOP 01),102.1
EU HICP,2014M07,Food (COICOP 01.1),102.1
EU HICP,2014M07,Bread and cereals (COICOP 01.1.1),102.3
EU HICP,2014M07,Meat (COICOP 01.1.2),103
EU HICP,2014M08,All-items HICP (COICOP 00),100.6
EU HICP,2014M08,Food and non-alcoholic beverages (COICOP 01),102
EU HICP,2014M08,Food (COICOP 01.1),102.1
EU HICP,2014M08,Bread and cereals (COICOP 01.1.1),102.2
EU HICP,2014M08,Meat (COICOP 01.1.2),102.1
EU HICP,2014M09,All-items HICP (COICOP 00),100.4
EU HICP,2014M09,Food and non-alcoholic beverages (COICOP 01),101.6
EU HICP,2014M09,Food (COICOP 01.1),101.7
EU HICP,2014M09,Bread and cereals (COICOP 01.1.1),102.1
EU HICP,2014M09,Meat (COICOP 01.1.2),102.4
EU HICP,2014M10,All-items HICP (COICOP 00),100.1
EU HICP,2014M10,Food and non-alcoholic beverages (COICOP 01),101.4
EU HICP,2014M10,Food (COICOP 01.1),101.5
EU HICP,2014M10,Bread and cereals (COICOP 01.1.1),101.4
EU HICP,2014M10,Meat (COICOP 01.1.2),101.6
EU HICP,2014M11,All-items HICP (COICOP 00),99.8
EU HICP,2014M11,Food and non-alcoholic beverages (COICOP 01),101.1
EU HICP,2014M11,Food (COICOP 01.1),101.2
EU HICP,2014M11,Bread and cereals (COICOP 01.1.1),101
EU HICP,2014M11,Meat (COICOP 01.1.2),101.4
EU HICP,2014M12,All-items HICP (COICOP 00),99.4
EU HICP,2014M12,Food and non-alcoholic beverages (COICOP 01),100.9
EU HICP,2014M12,Food (COICOP 01.1),100.9
EU HICP,2014M12,Bread and cereals (COICOP 01.1.1),101.4
EU HICP,2014M12,Meat (COICOP 01.1.2),100.8
EU HICP,2015M01,All-items HICP (COICOP 00),98.7
EU HICP,2015M01,Food and non-alcoholic beverages (COICOP 01),100.8
EU HICP,2015M01,Food (COICOP 01.1),100.9
EU HICP,2015M01,Bread and cereals (COICOP 01.1.1),100.4
EU HICP,2015M01,Meat (COICOP 01.1.2),101.5
EU HICP,2015M02,All-items HICP (COICOP 00),99.3
EU HICP,2015M02,Food and non-alcoholic beverages (COICOP 01),100.1
EU HICP,2015M02,Food (COICOP 01.1),100.1
EU HICP,2015M02,Bread and cereals (COICOP 01.1.1),100.6
EU HICP,2015M02,Meat (COICOP 01.1.2),100.5
EU HICP,2015M03,All-items HICP (COICOP 00),100
EU HICP,2015M03,Food and non-alcoholic beverages (COICOP 01),100
EU HICP,2015M03,Food (COICOP 01.1),99.9
EU HICP,2015M03,Bread and cereals (COICOP 01.1.1),99.9
EU HICP,2015M03,Meat (COICOP 01.1.2),101.1
EU HICP,2015M04,All-items HICP (COICOP 00),99.9
EU HICP,2015M04,Food and non-alcoholic beverages (COICOP 01),100.2
EU HICP,2015M04,Food (COICOP 01.1),100.3
EU HICP,2015M04,Bread and cereals (COICOP 01.1.1),101.5
EU HICP,2015M04,Meat (COICOP 01.1.2),100.8
EU HICP,2015M05,All-items HICP (COICOP 00),100.4
EU HICP,2015M05,Food and non-alcoholic beverages (COICOP 01),100.3
EU HICP,2015M05,Food (COICOP 01.1),100.3
EU HICP,2015M05,Bread and cereals (COICOP 01.1.1),99.5
EU HICP,2015M05,Meat (COICOP 01.1.2),101
EU HICP,2015M06,All-items HICP (COICOP 00),100.8
EU HICP,2015M06,Food and non-alcoholic beverages (COICOP 01),100.2
EU HICP,2015M06,Food (COICOP 01.1),100
EU HICP,2015M06,Bread and cereals (COICOP 01.1.1),100.4
EU HICP,2015M06,Meat (COICOP 01.1.2),100.4
EU HICP,2015M07,All-items HICP (COICOP 00),100.5
EU HICP,2015M07,Food and non-alcoholic beverages (COICOP 01),99.7
EU HICP,2015M07,Food (COICOP 01.1),99.7
EU HICP,2015M07,Bread and cereals (COICOP 01.1.1),99.9
EU HICP,2015M07,Meat (COICOP 01.1.2),99.6
EU HICP,2015M08,All-items HICP (COICOP 00),100.8
EU HICP,2015M08,Food and non-alcoholic beverages (COICOP 01),99.7
EU HICP,2015M08,Food (COICOP 01.1),99.7
EU HICP,2015M08,Bread and cereals (COICOP 01.1.1),100.4
EU HICP,2015M08,Meat (COICOP 01.1.2),99.1
EU HICP,2015M09,All-items HICP (COICOP 00),100.3
EU HICP,2015M09,Food and non-alcoholic beverages (COICOP 01),99.4
EU HICP,2015M09,Food (COICOP 01.1),99.4
EU HICP,2015M09,Bread and cereals (COICOP 01.1.1),99
EU HICP,2015M09,Meat (COICOP 01.1.2),99.2
EU HICP,2015M10,All-items HICP (COICOP 00),100
EU HICP,2015M10,Food and non-alcoholic beverages (COICOP 01),100
EU HICP,2015M10,Food (COICOP 01.1),99.9
EU HICP,2015M10,Bread and cereals (COICOP 01.1.1),99.6
EU HICP,2015M10,Meat (COICOP 01.1.2),99.5
EU HICP,2015M11,All-items HICP (COICOP 00),99.7
EU HICP,2015M11,Food and non-alcoholic beverages (COICOP 01),99.8
EU HICP,2015M11,Food (COICOP 01.1),99.8
EU HICP,2015M11,Bread and cereals (COICOP 01.1.1),99.2
EU HICP,2015M11,Meat (COICOP 01.1.2),99
EU HICP,2015M12,All-items HICP (COICOP 00),99.6
EU HICP,2015M12,Food and non-alcoholic beverages (COICOP 01),99.9
EU HICP,2015M12,Food (COICOP 01.1),99.9
EU HICP,2015M12,Bread and cereals (COICOP 01.1.1),99.5
EU HICP,2015M12,Meat (COICOP 01.1.2),98.5
EU HICP,2016M01,All-items HICP (COICOP 00),98.7
EU HICP,2016M01,Food and non-alcoholic beverages (COICOP 01),99.9
EU HICP,2016M01,Food (COICOP 01.1),100
EU HICP,2016M01,Bread and cereals (COICOP 01.1.1),99.4
EU HICP,2016M01,Meat (COICOP 01.1.2),98.4
EU HICP,2016M02,All-items HICP (COICOP 00),99.1
EU HICP,2016M02,Food and non-alcoholic beverages (COICOP 01),99.2
EU HICP,2016M02,Food (COICOP 01.1),99.1
EU HICP,2016M02,Bread and cereals (COICOP 01.1.1),98.6
EU HICP,2016M02,Meat (COICOP 01.1.2),98.5
EU HICP,2016M03,All-items HICP (COICOP 00),99.4
EU HICP,2016M03,Food and non-alcoholic beverages (COICOP 01),99.5
EU HICP,2016M03,Food (COICOP 01.1),99.4
EU HICP,2016M03,Bread and cereals (COICOP 01.1.1),98.7
EU HICP,2016M03,Meat (COICOP 01.1.2),97.5
EU HICP,2016M04,All-items HICP (COICOP 00),99.7
EU HICP,2016M04,Food and non-alcoholic beverages (COICOP 01),99.2
EU HICP,2016M04,Food (COICOP 01.1),99.1
EU HICP,2016M04,Bread and cereals (COICOP 01.1.1),97.9
EU HICP,2016M04,Meat (COICOP 01.1.2),98
EU HICP,2016M05,All-items HICP (COICOP 00),100.2
EU HICP,2016M05,Food and non-alcoholic beverages (COICOP 01),99.2
EU HICP,2016M05,Food (COICOP 01.1),99.1
EU HICP,2016M05,Bread and cereals (COICOP 01.1.1),98.6
EU HICP,2016M05,Meat (COICOP 01.1.2),98
EU HICP,2016M06,All-items HICP (COICOP 00),100.9
EU HICP,2016M06,Food and non-alcoholic beverages (COICOP 01),99.1
EU HICP,2016M06,Food (COICOP 01.1),99.1
EU HICP,2016M06,Bread and cereals (COICOP 01.1.1),98.1
EU HICP,2016M06,Meat (COICOP 01.1.2),98.1
EU HICP,2016M07,All-items HICP (COICOP 00),100.6
EU HICP,2016M07,Food and non-alcoholic beverages (COICOP 01),98.7
EU HICP,2016M07,Food (COICOP 01.1),98.7
EU HICP,2016M07,Bread and cereals (COICOP 01.1.1),98.6
EU HICP,2016M07,Meat (COICOP 01.1.2),96.8
EU HICP,2016M08,All-items HICP (COICOP 00),100.4
EU HICP,2016M08,Food and non-alcoholic beverages (COICOP 01),98.7
EU HICP,2016M08,Food (COICOP 01.1),98.8
EU HICP,2016M08,Bread and cereals (COICOP 01.1.1),97.7
EU HICP,2016M08,Meat (COICOP 01.1.2),97.3
EU HICP,2016M09,All-items HICP (COICOP 00),100
EU HICP,2016M09,Food and non-alcoholic beverages (COICOP 01),98.3
EU HICP,2016M09,Food (COICOP 01.1),98
EU HICP,2016M09,Bread and cereals (COICOP 01.1.1),96.6
EU HICP,2016M09,Meat (COICOP 01.1.2),97.3
EU HICP,2016M10,All-items HICP (COICOP 00),99.6
EU HICP,2016M10,Food and non-alcoholic beverages (COICOP 01),97.8
EU HICP,2016M10,Food (COICOP 01.1),97.7
EU HICP,2016M10,Bread and cereals (COICOP 01.1.1),97.5
EU HICP,2016M10,Meat (COICOP 01.1.2),96.9
EU HICP,2016M11,All-items HICP (COICOP 00),99.5
EU HICP,2016M11,Food and non-alcoholic beverages (COICOP 01),97.5
EU HICP,2016M11,Food (COICOP 01.1),97.4
EU HICP,2016M11,Bread and cereals (COICOP 01.1.1),96.5
EU HICP,2016M11,Meat (COICOP 01.1.2),97
EU HICP,2016M12,All-items HICP (COICOP 00),99.4
EU HICP,2016M12,Food and non-alcoholic beverages (COICOP 01),97.1
EU HICP,2016M12,Food (COICOP 01.1),97.2
EU HICP,2016M12,Bread and cereals (COICOP 01.1.1),96.6
EU HICP,2016M12,Meat (COICOP 01.1.2),96.3
EU HICP,2017M01,All-items HICP (COICOP 00),98.9
EU HICP,2017M01,Food and non-alcoholic beverages (COICOP 01),97.4
EU HICP,2017M01,Food (COICOP 01.1),97.6
EU HICP,2017M01,Bread and cereals (COICOP 01.1.1),96.1
EU HICP,2017M01,Meat (COICOP 01.1.2),97.9
EU HICP,2017M02,All-items HICP (COICOP 00),99.4
EU HICP,2017M02,Food and non-alcoholic beverages (COICOP 01),96.5
EU HICP,2017M02,Food (COICOP 01.1),96.6
EU HICP,2017M02,Bread and cereals (COICOP 01.1.1),95.5
EU HICP,2017M02,Meat (COICOP 01.1.2),96.1
EU HICP,2017M03,All-items HICP (COICOP 00),100
EU HICP,2017M03,Food and non-alcoholic beverages (COICOP 01),96.9
EU HICP,2017M03,Food (COICOP 01.1),96.8
EU HICP,2017M03,Bread and cereals (COICOP 01.1.1),95.6
EU HICP,2017M03,Meat (COICOP 01.1.2),96.6
EU HICP,2017M04,All-items HICP (COICOP 00),100.4
EU HICP,2017M04,Food and non-alcoholic beverages (COICOP 01),96.5
EU HICP,2017M04,Food (COICOP 01.1),96.6
EU HICP,2017M04,Bread and cereals (COICOP 01.1.1),95.8
EU HICP,2017M04,Meat (COICOP 01.1.2),96.3
EU HICP,2017M05,All-items HICP (COICOP 00),100.2
EU HICP,2017M05,Food and non-alcoholic beverages (COICOP 01),97
EU HICP,2017M05,Food (COICOP 01.1),97.1
EU HICP,2017M05,Bread and cereals (COICOP 01.1.1),94.9
EU HICP,2017M05,Meat (COICOP 01.1.2),97.4
EU HICP,2017M06,All-items HICP (COICOP 00),100.3
EU HICP,2017M06,Food and non-alcoholic beverages (COICOP 01),96.4
EU HICP,2017M06,Food (COICOP 01.1),96.4
EU HICP,2017M06,Bread and cereals (COICOP 01.1.1),94.9
EU HICP,2017M06,Meat (COICOP 01.1.2),96.3
EU HICP,2017M07,All-items HICP (COICOP 00),100.4
EU HICP,2017M07,Food and non-alcoholic beverages (COICOP 01),96.7
EU HICP,2017M07,Food (COICOP 01.1),96.8
EU HICP,2017M07,Bread and cereals (COICOP 01.1.1),95.6
EU HICP,2017M07,Meat (COICOP 01.1.2),96.1
EU HICP,2017M08,All-items HICP (COICOP 00),100.8
EU HICP,2017M08,Food and non-alcoholic beverages (COICOP 01),97
EU HICP,2017M08,Food (COICOP 01.1),97.1
EU HICP,2017M08,Bread and cereals (COICOP 01.1.1),95.4
EU HICP,2017M08,Meat (COICOP 01.1.2),95.9
EU HICP,2017M09,All-items HICP (COICOP 00),100.2
EU HICP,2017M09,Food and non-alcoholic beverages (COICOP 01),96.3
EU HICP,2017M09,Food (COICOP 01.1),96.3
EU HICP,2017M09,Bread and cereals (COICOP 01.1.1),94.6
EU HICP,2017M09,Meat (COICOP 01.1.2),96.4
EU HICP,2017M10,All-items HICP (COICOP 00),100.1
EU HICP,2017M10,Food and non-alcoholic beverages (COICOP 01),96.6
EU HICP,2017M10,Food (COICOP 01.1),96.6
EU HICP,2017M10,Bread and cereals (COICOP 01.1.1),95.1
EU HICP,2017M10,Meat (COICOP 01.1.2),96.4
EU HICP,2017M11,All-items HICP (COICOP 00),100
EU HICP,2017M11,Food and non-alcoholic beverages (COICOP 01),96.3
EU HICP,2017M11,Food (COICOP 01.1),96.1
EU HICP,2017M11,Bread and cereals (COICOP 01.1.1),94.9
EU HICP,2017M11,Meat (COICOP 01.1.2),95.9
EU HICP,2017M12,All-items HICP (COICOP 00),99.9
EU HICP,2017M12,Food and non-alcoholic beverages (COICOP 01),95.6
EU HICP,2017M12,Food (COICOP 01.1),95.6
EU HICP,2017M12,Bread and cereals (COICOP 01.1.1),94.4
EU HICP,2017M12,Meat (COICOP 01.1.2),95.1
EU HICP,2018M01,All-items HICP (COICOP 00),99.2
EU HICP,2018M01,Food and non-alcoholic beverages (COICOP 01),95.8
EU HICP,2018M01,Food (COICOP 01.1),95.9
EU HICP,2018M01,Bread and cereals (COICOP 01.1.1),94.5
EU HICP,2018M01,Meat (COICOP 01.1.2),95.6
EU HICP,2018M02,All-items HICP (COICOP 00),100.1
EU HICP,2018M02,Food and non-alcoholic beverages (COICOP 01),94.8
EU HICP,2018M02,Food (COICOP 01.1),94.8
EU HICP,2018M02,Bread and cereals (COICOP 01.1.1),93.6
EU HICP,2018M02,Meat (COICOP 01.1.2),94.6
EU HICP,2018M03,All-items HICP (COICOP 00),100.5
EU HICP,2018M03,Food and non-alcoholic beverages (COICOP 01),95.1
EU HICP,2018M03,Food (COICOP 01.1),95
EU HICP,2018M03,Bread and cereals (COICOP 01.1.1),93.6
EU HICP,2018M03,Meat (COICOP 01.1.2),94
EU HICP,2018M04,All-items HICP (COICOP 00),100.3
EU HICP,2018M04,Food and non-alcoholic beverages (COICOP 01),94.5
EU HICP,2018M04,Food (COICOP 01.1),94.5
EU HICP,2018M04,Bread and cereals (COICOP 01.1.1),93.1
EU HICP,2018M04,Meat (COICOP 01.1.2),93.5
EU HICP,2018M05,All-items HICP (COICOP 00),100.9
EU HICP,2018M05,Food and non-alcoholic beverages (COICOP 01),94.8
EU HICP,2018M05,Food (COICOP 01.1),94.6
EU HICP,2018M05,Bread and cereals (COICOP 01.1.1),93.1
EU HICP,2018M05,Meat (COICOP 01.1.2),94.2
EU HICP,2018M06,All-items HICP (COICOP 00),101
EU HICP,2018M06,Food and non-alcoholic beverages (COICOP 01),94.3
EU HICP,2018M06,Food (COICOP 01.1),94.1
EU HICP,2018M06,Bread and cereals (COICOP 01.1.1),93.2
EU HICP,2018M06,Meat (COICOP 01.1.2),93.1
EU HICP,2018M07,All-items HICP (COICOP 00),101.4
EU HICP,2018M07,Food and non-alcoholic beverages (COICOP 01),94.7
EU HICP,2018M07,Food (COICOP 01.1),94.5
EU HICP,2018M07,Bread and cereals (COICOP 01.1.1),93.2
EU HICP,2018M07,Meat (COICOP 01.1.2),93.1
EU HICP,2018M08,All-items HICP (COICOP 00),101.7
EU HICP,2018M08,Food and non-alcoholic beverages (COICOP 01),94.5
EU HICP,2018M08,Food (COICOP 01.1),94.4
EU HICP,2018M08,Bread and cereals (COICOP 01.1.1),92
EU HICP,2018M08,Meat (COICOP 01.1.2),93.7
EU HICP,2018M09,All-items HICP (COICOP 00),101.4
EU HICP,2018M09,Food and non-alcoholic beverages (COICOP 01),94.2
EU HICP,2018M09,Food (COICOP 01.1),93.9
EU HICP,2018M09,Bread and cereals (COICOP 01.1.1),92.7
EU HICP,2018M09,Meat (COICOP 01.1.2),92.9
EU HICP,2018M10,All-items HICP (COICOP 00),101.2
EU HICP,2018M10,Food and non-alcoholic beverages (COICOP 01),94.6
EU HICP,2018M10,Food (COICOP 01.1),94.5
EU HICP,2018M10,Bread and cereals (COICOP 01.1.1),92.3
EU HICP,2018M10,Meat (COICOP 01.1.2),93.2
EU HICP,2018M11,All-items HICP (COICOP 00),100.8
EU HICP,2018M11,Food and non-alcoholic beverages (COICOP 01),94.4
EU HICP,2018M11,Food (COICOP 01.1),94.2
EU HICP,2018M11,Bread and cereals (COICOP 01.1.1),91.9
EU HICP,2018M11,Meat (COICOP 01.1.2),93.1
EU HICP,2018M12,All-items HICP (COICOP 00),100.7
EU HICP,2018M12,Food and non-alcoholic beverages (COICOP 01),94.2
EU HICP,2018M12,Food (COICOP 01.1),94.1
EU HICP,2018M12,Bread and cereals (COICOP 01.1.1),91.7
EU HICP,2018M12,Meat (COICOP 01.1.2),93.1
EU HICP,2019M01,All-items HICP (COICOP 00),100
EU HICP,2019M01,Food and non-alcoholic beverages (COICOP 01),94.3
EU HICP,2019M01,Food (COICOP 01.1),94.3
EU HICP,2019M01,Bread and cereals (COICOP 01.1.1),91.3
EU HICP,2019M01,Meat (COICOP 01.1.2),93.2
EU HICP,2019M02,All-items HICP (COICOP 00),100.8
EU HICP,2019M02,Food and non-alcoholic beverages (COICOP 01),94.1
EU HICP,2019M02,Food (COICOP 01.1),94
EU HICP,2019M02,Bread and cereals (COICOP 01.1.1),92.2
EU HICP,2019M02,Meat (COICOP 01.1.2),92.2
EU HICP,2019M03,All-items HICP (COICOP 00),101.6
EU HICP,2019M03,Food and non-alcoholic beverages (COICOP 01),94.5
EU HICP,2019M03,Food (COICOP 01.1),94.3
EU HICP,2019M03,Bread and cereals (COICOP 01.1.1),93
EU HICP,2019M03,Meat (COICOP 01.1.2),92.5
EU HICP,2019M04,All-items HICP (COICOP 00),102
EU HICP,2019M04,Food and non-alcoholic beverages (COICOP 01),94.5
EU HICP,2019M04,Food (COICOP 01.1),94.4
EU HICP,2019M04,Bread and cereals (COICOP 01.1.1),92.9
EU HICP,2019M04,Meat (COICOP 01.1.2),93
EU HICP,2019M05,All-items HICP (COICOP 00),101.9
EU HICP,2019M05,Food and non-alcoholic beverages (COICOP 01),94.6
EU HICP,2019M05,Food (COICOP 01.1),94.5
EU HICP,2019M05,Bread and cereals (COICOP 01.1.1),93.3
EU HICP,2019M05,Meat (COICOP 01.1.2),93.5
EU HICP,2019M06,All-items HICP (COICOP 00),102.1
EU HICP,2019M06,Food and non-alcoholic beverages (COICOP 01),94.2
EU HICP,2019M06,Food (COICOP 01.1),94.1
EU HICP,2019M06,Bread and cereals (COICOP 01.1.1),93
EU HICP,2019M06,Meat (COICOP 01.1.2),93
EU HICP,2019M07,All-items HICP (COICOP 00),101.9
EU HICP,2019M07,Food and non-alcoholic beverages (COICOP 01),94.2
EU HICP,2019M07,Food (COICOP 01.1),94.1
EU HICP,2019M07,Bread and cereals (COICOP 01.1.1),92.5
EU HICP,2019M07,Meat (COICOP 01.1.2),92.2
EU HICP,2019M08,All-items HICP (COICOP 00),102.3
EU HICP,2019M08,Food and non-alcoholic beverages (COICOP 01),94.2
EU HICP,2019M08,Food (COICOP 01.1),94.1
EU HICP,2019M08,Bread and cereals (COICOP 01.1.1),92.6
EU HICP,2019M08,Meat (COICOP 01.1.2),93
EU HICP,2019M09,All-items HICP (COICOP 00),102
EU HICP,2019M09,Food and non-alcoholic beverages (COICOP 01),93.3
EU HICP,2019M09,Food (COICOP 01.1),93.3
EU HICP,2019M09,Bread and cereals (COICOP 01.1.1),92.2
EU HICP,2019M09,Meat (COICOP 01.1.2),93.1
EU HICP,2019M10,All-items HICP (COICOP 00),101.8
EU HICP,2019M10,Food and non-alcoholic beverages (COICOP 01),93.4
EU HICP,2019M10,Food (COICOP 01.1),93.5
EU HICP,2019M10,Bread and cereals (COICOP 01.1.1),92.5
EU HICP,2019M10,Meat (COICOP 01.1.2),93.1
EU HICP,2019M11,All-items HICP (COICOP 00),101.6
EU HICP,2019M11,Food and non-alcoholic beverages (COICOP 01),93.3
EU HICP,2019M11,Food (COICOP 01.1),93.2
EU HICP,2019M11,Bread and cereals (COICOP 01.1.1),92.1
EU HICP,2019M11,Meat (COICOP 01.1.2),92.2
EU HICP,2019M12,All-items HICP (COICOP 00),101.8
EU HICP,2019M12,Food and non-alcoholic beverages (COICOP 01),93.4
EU HICP,2019M12,Food (COICOP 01.1),93.3
EU HICP,2019M12,Bread and cereals (COICOP 01.1.1),92
EU HICP,2019M12,Meat (COICOP 01.1.2),93
EU HICP,2020M01,All-items HICP (COICOP 00),101.1
EU HICP,2020M01,Food and non-alcoholic beverages (COICOP 01),93.3
EU HICP,2020M01,Food (COICOP 01.1),93.4
EU HICP,2020M01,Bread and cereals (COICOP 01.1.1),91.6
EU HICP,2020M01,Meat (COICOP 01.1.2),93
EU HICP,2020M02,All-items HICP (COICOP 00),101.7
EU HICP,2020M02,Food and non-alcoholic beverages (COICOP 01),93.2
EU HICP,2020M02,Food (COICOP 01.1),93.1
EU HICP,2020M02,Bread and cereals (COICOP 01.1.1),91.6
EU HICP,2020M02,Meat (COICOP 01.1.2),93.3
EU HICP,2020M03,All-items HICP (COICOP 00),102.1
EU HICP,2020M03,Food and non-alcoholic beverages (COICOP 01),93
EU HICP,2020M03,Food (COICOP 01.1),93.1
EU HICP,2020M03,Bread and cereals (COICOP 01.1.1),92
EU HICP,2020M03,Meat (COICOP 01.1.2),93.2
EU HICP,2020M04,All-items HICP (COICOP 00),101.7
EU HICP,2020M04,Food and non-alcoholic beverages (COICOP 01),93.3
EU HICP,2020M04,Food (COICOP 01.1),93.3
EU HICP,2020M04,Bread and cereals (COICOP 01.1.1),92.2
EU HICP,2020M04,Meat (COICOP 01.1.2),93.4
EU HICP,2020M05,All-items HICP (COICOP 00),101.1
EU HICP,2020M05,Food and non-alcoholic beverages (COICOP 01),93.4
EU HICP,2020M05,Food (COICOP 01.1),93.4
EU HICP,2020M05,Bread and cereals (COICOP 01.1.1),92.8
EU HICP,2020M05,Meat (COICOP 01.1.2),93.3
EU HICP,2020M06,All-items HICP (COICOP 00),101.5
EU HICP,2020M06,Food and non-alcoholic beverages (COICOP 01),92.8
EU HICP,2020M06,Food (COICOP 01.1),92.9
EU HICP,2020M06,Bread and cereals (COICOP 01.1.1),92.5
EU HICP,2020M06,Meat (COICOP 01.1.2),92.8
EU HICP,2020M07,All-items HICP (COICOP 00),101.3
EU HICP,2020M07,Food and non-alcoholic beverages (COICOP 01),93
EU HICP,2020M07,Food (COICOP 01.1),93
EU HICP,2020M07,Bread and cereals (COICOP 01.1.1),92.4
EU HICP,2020M07,Meat (COICOP 01.1.2),92.8
EU HICP,2020M08,All-items HICP (COICOP 00),101.2
EU HICP,2020M08,Food and non-alcoholic beverages (COICOP 01),92.6
EU HICP,2020M08,Food (COICOP 01.1),92.6
EU HICP,2020M08,Bread and cereals (COICOP 01.1.1),91.6
EU HICP,2020M08,Meat (COICOP 01.1.2),92.8
EU HICP,2020M09,All-items HICP (COICOP 00),100.8
EU HICP,2020M09,Food and non-alcoholic beverages (COICOP 01),92
EU HICP,2020M09,Food (COICOP 01.1),92.1
EU HICP,2020M09,Bread and cereals (COICOP 01.1.1),91.1
EU HICP,2020M09,Meat (COICOP 01.1.2),92.2
EU HICP,2020M10,All-items HICP (COICOP 00),100.3
EU HICP,2020M10,Food and non-alcoholic beverages (COICOP 01),92
EU HICP,2020M10,Food (COICOP 01.1),92.2
EU HICP,2020M10,Bread and cereals (COICOP 01.1.1),90.6
EU HICP,2020M10,Meat (COICOP 01.1.2),92.7
EU HICP,2020M11,All-items HICP (COICOP 00),100.6
EU HICP,2020M11,Food and non-alcoholic beverages (COICOP 01),92
EU HICP,2020M11,Food (COICOP 01.1),92.2
EU HICP,2020M11,Bread and cereals (COICOP 01.1.1),91.2
EU HICP,2020M11,Meat (COICOP 01.1.2),92.5
EU HICP,2020M12,All-items HICP (COICOP 00),100.8
EU HICP,2020M12,Food and non-alcoholic beverages (COICOP 01),92
EU HICP,2020M12,Food (COICOP 01.1),92.3
EU HICP,2020M12,Bread and cereals (COICOP 01.1.1),91.3
EU HICP,2020M12,Meat (COICOP 01.1.2),92.7
EU HICP,2021M01,All-items HICP (COICOP 00),101
EU HICP,2021M01,Food and non-alcoholic beverages (COICOP 01),91.3
EU HICP,2021M01,Food (COICOP 01.1),91.5
EU HICP,2021M01,Bread and cereals (COICOP 01.1.1),90.2
EU HICP,2021M01,Meat (COICOP 01.1.2),91.3
EU HICP,2021M02,All-items HICP (COICOP 00),101.3
EU HICP,2021M02,Food and non-alcoholic beverages (COICOP 01),91.4
EU HICP,2021M02,Food (COICOP 01.1),91.5
EU HICP,2021M02,Bread and cereals (COICOP 01.1.1),90.9
EU HICP,2021M02,Meat (COICOP 01.1.2),90.2
EU HICP,2021M03,All-items HICP (COICOP 00),102.2
EU HICP,2021M03,Food and non-alcoholic beverages (COICOP 01),92.2
EU HICP,2021M03,Food (COICOP 01.1),92.2
EU HICP,2021M03,Bread and cereals (COICOP 01.1.1),91.2
EU HICP,2021M03,Meat (COICOP 01.1.2),91.6
EU HICP,2021M04,All-items HICP (COICOP 00),102.8
EU HICP,2021M04,Food and non-alcoholic beverages (COICOP 01),92.6
EU HICP,2021M04,Food (COICOP 01.1),92.5
EU HICP,2021M04,Bread and cereals (COICOP 01.1.1),92
EU HICP,2021M04,Meat (COICOP 01.1.2),92.1
EU HICP,2021M05,All-items HICP (COICOP 00),103
EU HICP,2021M05,Food and non-alcoholic beverages (COICOP 01),92.4
EU HICP,2021M05,Food (COICOP 01.1),92.4
EU HICP,2021M05,Bread and cereals (COICOP 01.1.1),92.4
EU HICP,2021M05,Meat (COICOP 01.1.2),91.1
EU HICP,2021M06,All-items HICP (COICOP 00),103.1
EU HICP,2021M06,Food and non-alcoholic beverages (COICOP 01),92.5
EU HICP,2021M06,Food (COICOP 01.1),92.5
EU HICP,2021M06,Bread and cereals (COICOP 01.1.1),92.6
EU HICP,2021M06,Meat (COICOP 01.1.2),91.4
EU HICP,2021M07,All-items HICP (COICOP 00),103.5
EU HICP,2021M07,Food and non-alcoholic beverages (COICOP 01),93
EU HICP,2021M07,Food (COICOP 01.1),92.9
EU HICP,2021M07,Bread and cereals (COICOP 01.1.1),92.9
EU HICP,2021M07,Meat (COICOP 01.1.2),92.2
EU HICP,2021M08,All-items HICP (COICOP 00),104.2
EU HICP,2021M08,Food and non-alcoholic beverages (COICOP 01),92.7
EU HICP,2021M08,Food (COICOP 01.1),92.6
EU HICP,2021M08,Bread and cereals (COICOP 01.1.1),93
EU HICP,2021M08,Meat (COICOP 01.1.2),91.7
EU HICP,2021M09,All-items HICP (COICOP 00),104.6
EU HICP,2021M09,Food and non-alcoholic beverages (COICOP 01),92.4
EU HICP,2021M09,Food (COICOP 01.1),92.4
EU HICP,2021M09,Bread and cereals (COICOP 01.1.1),91.9
EU HICP,2021M09,Meat (COICOP 01.1.2),92.1
EU HICP,2021M10,All-items HICP (COICOP 00),105.4
EU HICP,2021M10,Food and non-alcoholic beverages (COICOP 01),92.8
EU HICP,2021M10,Food (COICOP 01.1),92.7
EU HICP,2021M10,Bread and cereals (COICOP 01.1.1),92.9
EU HICP,2021M10,Meat (COICOP 01.1.2),92.5
EU HICP,2021M11,All-items HICP (COICOP 00),106
EU HICP,2021M11,Food and non-alcoholic beverages (COICOP 01),92.9
EU HICP,2021M11,Food (COICOP 01.1),92.8
EU HICP,2021M11,Bread and cereals (COICOP 01.1.1),93.3
EU HICP,2021M11,Meat (COICOP 01.1.2),91.7
EU HICP,2021M12,All-items HICP (COICOP 00),106.5
EU HICP,2021M12,Food and non-alcoholic beverages (COICOP 01),93.3
EU HICP,2021M12,Food (COICOP 01.1),93.4
EU HICP,2021M12,Bread and cereals (COICOP 01.1.1),94.2
EU HICP,2021M12,Meat (COICOP 01.1.2),93
EU HICP,2022M01,All-items HICP (COICOP 00),106.1
EU HICP,2022M01,Food and non-alcoholic beverages (COICOP 01),93.3
EU HICP,2022M01,Food (COICOP 01.1),93.3
EU HICP,2022M01,Bread and cereals (COICOP 01.1.1),93.3
EU HICP,2022M01,Meat (COICOP 01.1.2),93.1
EU HICP,2022M02,All-items HICP (COICOP 00),107.1
EU HICP,2022M02,Food and non-alcoholic beverages (COICOP 01),94.2
EU HICP,2022M02,Food (COICOP 01.1),94.1
EU HICP,2022M02,Bread and cereals (COICOP 01.1.1),94.7
EU HICP,2022M02,Meat (COICOP 01.1.2),93.8
EU HICP,2022M03,All-items HICP (COICOP 00),109.3
EU HICP,2022M03,Food and non-alcoholic beverages (COICOP 01),95
EU HICP,2022M03,Food (COICOP 01.1),95
EU HICP,2022M03,Bread and cereals (COICOP 01.1.1),95.5
EU HICP,2022M03,Meat (COICOP 01.1.2),94.8
